Chromo,Location1,Location2,Ref,Alter,Label,chr,transcript_ablation,splice_acceptor_variant,splice_donor_variant,stop_gained,frameshift_variant,stop_lost,start_lost,transcript_amplification,feature_elongation,feature_truncation,inframe_insertion,inframe_deletion,missense_variant,protein_altering_variant,splice_donor_5th_base_variant,splice_region_variant,splice_donor_region_variant,splice_polypyrimidine_tract_variant,incomplete_terminal_codon_variant,start_retained_variant,stop_retained_variant,synonymous_variant,coding_sequence_variant,mature_miRNA_variant,5_prime_UTR_variant,3_prime_UTR_variant,non_coding_transcript_exon_variant,intron_variant,NMD_transcript_variant,non_coding_transcript_variant,coding_transcript_variant,upstream_gene_variant,downstream_gene_variant,TFBS_ablation,TFBS_amplification,TF_binding_site_variant,regulatory_region_ablation,regulatory_region_amplification,regulatory_region_variant,intergenic_variant,sequence_variant,cds_end_NF,cds_start_NF,"('DISTANCE', 'max')","('DISTANCE', 'min')","('DISTANCE', 'mean')","('SIFT', 'max')","('SIFT', 'min')","('SIFT', 'mean')","('PolyPhen', 'max')","('PolyPhen', 'min')","('PolyPhen', 'mean')",Con4,Con7,Con17,Con20,Con30,Con100,P4,P7,P17,P20,P30,P100,A/C,A/G,A/T,C/A,C/G,C/T,G/A,G/C,G/T,T/A,T/C,T/G
chr1,46930150,46930150,C,T,1,1,0,0,0,0,0,0,0,0,0,0,0,0,1,0,0,0,0,0,0,0,0,0,0,0,0,1,1,0,1,0,0,0,1,0,0,0,0,0,0,0,0,0,0,3765,1356,2502.25,0.3,0.17,0.244,0.287,0.081,0.1566,0.014,0.007,0.019,0.049,0.088,0.896,-0.33,-0.821,0.674,0.078,0.166,1.555,0,0,0,0,0,1,0,0,0,0,0,0
chr1,46930161,46930161,G,A,1,1,0,0,0,0,0,0,0,0,0,0,0,0,1,0,0,0,0,0,0,0,0,0,0,0,0,1,1,0,1,0,0,0,1,0,0,0,0,0,0,0,0,0,0,3754,1345,2491.25,0.11,0.07,0.094,0.042,0.009,0.0272,0.014,0.063,0,0.01,0.01,0,-0.854,0.061,-4.106,-2.44,-2.35,-0.585,0,0,0,0,0,0,1,0,0,0,0,0
chr1,46932824,46932824,T,C,1,1,0,0,0,0,0,0,0,0,0,0,0,0,1,0,0,0,0,0,0,0,0,0,0,0,0,1,1,0,1,0,0,0,1,0,0,0,0,0,0,0,0,0,0,1091,1091,1091,0.18,0.05,0.118333333,0.627,0.125,0.392333333,0.823,0.104,0.104,0.44,0.329,0,-0.28,-0.597,-0.685,-0.237,-0.545,0.076,0,0,0,0,0,0,0,0,0,0,1,0
chr1,46932987,46932987,C,T,1,1,0,0,0,0,0,0,0,0,0,0,0,0,1,0,0,0,0,0,0,0,0,0,0,0,0,1,1,1,1,1,0,0,1,0,0,0,0,0,0,0,0,0,0,928,928,928,0,0,0,0.999,0.793,0.909833333,0.982,0.962,0.078,0.962,0.996,1,0.606,0.917,0.667,1.04,1.168,6.984,0,0,0,0,0,1,0,0,0,0,0,0
chr1,46934207,46934207,A,G,0,1,0,0,0,0,0,0,0,0,0,0,0,0,1,0,0,0,0,0,0,0,0,0,0,0,0,0,1,1,1,1,0,0,0,0,0,0,0,0,0,0,0,0,0,0,0,0,0.06,0.04,0.048,0.051,0.051,0.051,0.068,0.017,0,0,0.001,0,0.669,-0.328,-2.722,-1.36,-0.609,-0.081,0,1,0,0,0,0,0,0,0,0,0,0
chr1,46934523,46934523,A,C,1,1,0,0,0,0,0,0,0,0,0,0,0,0,1,0,0,0,0,0,0,0,0,1,0,0,0,0,1,1,1,0,0,1,0,0,0,0,0,0,0,0,0,0,0,277,277,277,0.09,0.03,0.068,0.106,0.019,0.0768,0.018,0.003,0.001,0,0,0.017,0.669,0.991,-0.152,0.127,-0.173,2.036,1,0,0,0,0,0,0,0,0,0,0,0
chr1,46936786,46936786,G,A,1,1,0,0,0,0,0,0,0,0,0,0,0,0,1,0,0,0,0,0,0,0,0,0,0,0,0,0,1,0,1,0,0,1,0,0,0,0,0,0,0,0,0,0,0,2540,2540,2540,0.01,0.01,0.01,0.999,0.627,0.8573,0.12,0.07,0.222,0.707,0.059,0.999,0.575,0.871,0.594,0.931,1.026,4.402,0,0,0,0,0,0,1,0,0,0,0,0
chr1,46937308,46937308,T,C,1,1,0,0,0,0,0,0,0,0,0,0,0,0,1,0,0,0,0,0,0,0,0,0,0,0,0,0,1,0,1,0,0,1,0,0,0,0,0,0,0,0,0,0,0,3062,3062,3062,0.05,0.01,0.02125,0.987,0.039,0.5931,0.212,0.636,0.067,0.142,0.042,1,0.714,1.062,0.756,1.199,1.312,6.314,0,0,0,0,0,0,0,0,0,0,1,0
chr1,59907855,59907855,G,A,1,1,0,0,0,1,0,0,0,0,0,0,0,0,0,0,0,0,0,0,0,0,0,0,0,0,0,1,1,0,1,0,0,0,0,0,0,0,0,0,0,0,0,0,0,0,0,0,0,0,0,0,0,0,0.897,0.998,0.821,0.994,0.314,1,0.575,0.871,0.599,0.935,1.026,5.796,0,0,0,0,0,0,1,0,0,0,0,0
chr1,161229876,161229876,A,G,0,1,0,0,0,0,0,0,0,0,0,0,0,0,1,0,0,0,0,0,0,0,0,0,0,0,0,1,1,1,1,0,0,0,1,0,0,0,0,0,1,0,0,0,0,2615,469,1354.545455,0.25,0.05,0.125555556,0.369,0.013,0.162444444,0.084,0.055,0.289,0.387,0.664,0.816,0.669,0.079,0.665,1.061,1.138,2.226,0,1,0,0,0,0,0,0,0,0,0,0
chr1,161231191,161231191,A,G,1,1,0,0,0,0,0,0,0,0,0,0,0,0,1,0,0,0,0,0,0,0,0,0,0,0,0,1,1,1,1,1,0,0,1,0,0,0,0,0,0,0,0,0,0,4066,70,1513.263158,0,0,0,0.999,0.988,0.996478261,0.013,0.379,0.821,0.196,0.435,1,0.669,0.991,0.665,1.061,1.138,5.917,0,1,0,0,0,0,0,0,0,0,0,0
chr1,171103834,171103834,A,G,1,1,0,0,0,0,0,0,0,0,0,0,0,0,1,0,0,0,0,0,0,0,0,0,0,0,0,1,1,1,1,1,0,1,1,0,0,0,0,0,0,0,0,1,0,3421,2028,2441.333333,0.01,0.01,0.01,0.999,0.869,0.976,0.989,1,0.898,0.991,0.987,1,0.714,1.062,0.691,1.14,1.312,9.253,0,1,0,0,0,0,0,0,0,0,0,0
chr1,171103850,171103850,G,T,1,1,0,0,0,0,0,0,0,0,0,0,0,0,1,0,0,0,0,0,0,0,0,0,0,0,0,1,1,1,1,1,0,1,1,0,0,0,0,0,0,0,0,1,0,3437,2044,2457.333333,0.03,0.01,0.013333333,0.968,0.003,0.771666667,0.998,1,0.997,1,1,1,0.606,0.917,0.618,0.998,1.176,6.808,0,0,0,0,0,0,0,0,1,0,0,0
chr1,171107811,171107811,C,T,1,1,0,0,0,0,0,0,0,0,0,0,0,0,1,0,0,0,0,0,0,0,0,0,0,0,0,0,0,1,0,1,0,0,1,0,0,0,0,0,0,0,0,1,0,74,58,66,0.02,0.01,0.018571429,0.987,0.514,0.915428571,0.149,0.988,0.115,0.02,0.012,0.997,0.575,0.871,0.544,0.888,1.023,7.846,0,0,0,0,0,1,0,0,0,0,0,0
chr1,171107825,171107825,G,A,0,1,0,0,0,0,0,0,0,0,0,0,0,0,1,0,1,0,0,0,0,0,0,0,0,0,0,0,0,1,0,1,0,0,1,0,0,0,0,0,0,0,0,1,0,88,72,80,0.22,0.19,0.2,0.17,0.024,0.049,0.914,0.995,0.697,0.931,0.525,0,0.606,0.917,0.521,0.918,1.097,0.221,0,0,0,0,0,0,1,0,0,0,0,0
chr1,171110939,171110939,G,A,0,1,0,0,0,0,0,0,0,0,0,0,0,0,1,0,0,0,0,0,0,0,0,0,0,0,0,0,0,1,0,1,0,0,1,0,0,0,0,0,1,0,0,1,0,3202,61,2149.666667,0.14,0.13,0.136666667,0.01,0.005,0.006833333,0.96,0.969,0.62,0.77,0.032,0,-0.163,0.091,-1.787,-1.563,-1.895,-1.35,0,0,0,0,0,0,1,0,0,0,0,0
chr1,171114102,171114102,A,G,0,1,0,0,0,0,0,0,0,0,0,0,0,0,1,0,0,0,0,0,0,0,0,0,0,0,0,0,0,1,0,1,0,0,1,0,0,0,0,0,0,0,0,1,0,3224,3224,3224,0.01,0.01,0.01,0.995,0.682,0.825166667,0.628,0.96,0.987,0.981,0.847,1,0.714,1.062,0.756,1.088,1.308,5.309,0,1,0,0,0,0,0,0,0,0,0,0
chr1,171117317,171117317,C,T,1,1,0,0,0,0,0,0,0,0,0,0,0,0,1,0,0,0,0,0,0,0,0,0,0,0,0,0,0,1,0,1,0,0,1,0,0,0,0,0,0,0,0,0,0,3055,3055,3055,0.01,0.01,0.01,0,0,0,0.777,0.945,0.411,0.602,0.127,0.004,0.575,-0.058,-0.18,0.064,0.123,0.15,0,0,0,0,0,1,0,0,0,0,0,0
chr2,31336007,31336007,G,A,0,2,0,0,0,0,0,0,0,0,0,0,0,0,1,0,0,1,0,0,0,0,0,0,0,0,0,0,0,0,0,0,0,0,0,0,0,0,0,0,1,0,0,0,0,0,0,0,0.23,0.23,0.23,0,0,0,0.931,0.91,0.905,0.998,0.992,1,0.575,0.871,0.599,0.935,0.103,3.483,0,0,0,0,0,0,1,0,0,0,0,0
chr2,31339601,31339601,A,G,0,2,0,0,0,0,0,0,0,0,0,0,0,0,1,0,0,0,0,0,0,0,0,0,0,0,0,0,0,0,0,0,0,0,0,0,0,0,0,0,0,0,0,0,0,0,0,0,0,0,0,0.179,0.179,0.179,0.993,0.985,0.992,0.999,0.988,1,0.669,0.991,0.665,1.061,1.138,2.69,0,1,0,0,0,0,0,0,0,0,0,0
chr2,31350126,31350126,C,A,1,2,0,0,0,0,0,0,0,0,0,0,0,0,1,0,0,0,0,0,0,0,0,0,0,0,0,0,0,0,0,0,0,0,0,0,0,0,0,0,0,0,0,0,0,0,0,0,0,0,0,0.996,0.996,0.996,0.994,0.998,0.993,0.996,1,1,0.606,0.917,0.662,1.036,1.164,9.949,0,0,0,1,0,0,0,0,0,0,0,0
chr2,31368051,31368051,A,G,0,2,0,0,0,0,0,0,0,0,0,0,0,0,1,0,0,0,0,0,0,0,0,0,0,0,0,0,0,0,0,0,0,0,0,0,0,0,0,0,0,0,0,0,0,0,0,0,0.02,0.02,0.02,0.096,0.096,0.096,0.986,0.999,0.997,1,1,1,0.669,0.991,0.665,1.061,1.138,3.642,0,1,0,0,0,0,0,0,0,0,0,0
chr2,31370467,31370467,C,T,1,2,0,0,0,0,0,0,0,0,0,0,0,0,1,0,0,0,0,0,0,0,0,0,0,0,0,0,0,0,0,0,0,0,0,0,0,0,0,0,0,0,0,0,0,0,0,0,0.02,0.02,0.02,0.22,0.22,0.22,0.814,0.981,0.045,0.249,0.082,0,0.606,-0.401,-0.776,-0.264,-1.08,0.541,0,0,0,0,0,1,0,0,0,0,0,0
chr2,31372264,31372264,G,A,1,2,0,0,0,0,0,0,0,0,0,0,0,0,1,0,0,0,0,0,0,0,0,0,0,0,0,0,0,0,0,0,0,0,0,0,0,0,0,0,0,0,0,0,0,0,0,0,0.01,0.01,0.01,0.052,0.052,0.052,0.988,0.953,0.98,0.984,0.986,1,0.575,0.871,0.599,0.935,1.026,4.128,0,0,0,0,0,0,1,0,0,0,0,0
chr2,31373896,31373896,C,T,1,2,0,0,0,0,0,0,0,0,0,0,0,0,1,0,0,0,0,0,0,0,0,0,0,0,0,0,0,0,0,0,0,0,0,0,0,0,0,0,0,0,0,0,0,0,0,0,0.05,0.05,0.05,0.053,0.053,0.053,0.83,0.988,0.003,0.045,0.407,0.998,0.606,0.917,0.676,1.048,1.176,2.001,0,0,0,0,0,1,0,0,0,0,0,0
chr2,31397718,31397718,C,T,1,2,0,0,0,0,0,0,0,0,0,0,0,0,1,0,0,0,0,0,0,0,0,0,0,0,0,0,0,0,0,0,0,0,0,0,0,0,0,0,1,0,0,0,0,0,0,0,0.02,0.02,0.02,0,0,0,0.992,0.998,0.999,1,1,1,0.606,0.917,0.676,1.048,1.176,7.417,0,0,0,0,0,1,0,0,0,0,0,0
chr2,38070765,38070765,A,G,1,2,0,0,0,0,0,0,0,0,0,0,0,0,1,0,0,0,0,0,0,0,0,0,0,0,0,0,0,0,0,0,0,1,1,0,0,0,0,0,1,0,0,0,0,4958,68,3626.869565,0.04,0.03,0.038,0.056,0.056,0.056,0.808,0.996,0.925,0.972,0.995,0.997,0.669,0.991,0.665,1.061,1.138,4.46,0,1,0,0,0,0,0,0,0,0,0,0
chr2,38071020,38071020,T,G,0,2,0,0,0,0,0,0,0,0,0,0,0,0,1,0,0,0,0,0,0,0,0,0,0,0,0,0,1,0,0,0,0,1,1,0,0,0,0,0,1,0,0,0,0,4946,156,3833.458333,0,0,0,0,0,0,0.574,0.995,0.895,0.525,0.98,1,0.714,1.062,0.756,1.199,1.312,9.197,0,0,0,0,0,0,0,0,0,0,0,1
chr2,38071129,38071129,G,T,0,2,0,0,0,0,0,0,0,0,0,0,0,0,1,0,0,0,0,0,0,0,0,0,0,0,0,0,1,0,0,0,0,1,1,0,0,0,0,0,1,0,0,0,0,4837,47,3806.208333,0,0,0,0,0,0,0.584,0.84,0.431,0.047,0.008,0.017,0.575,0.871,-2.046,-1.102,-4.525,0.172,0,0,0,0,0,0,0,0,1,0,0,0
chr2,38071195,38071195,G,A,1,2,0,0,0,1,0,0,0,0,0,0,0,0,0,0,0,0,0,0,0,0,0,0,0,0,0,0,1,0,0,0,0,1,1,0,0,0,0,0,1,0,0,0,0,4999,498,3998.791667,0,0,0,0,0,0,0.992,0.998,0.99,0.993,0.997,1,0.575,0.871,0.599,0.935,1.026,7.798,0,0,0,0,0,0,1,0,0,0,0,0
chr2,38074404,38074404,G,A,1,2,0,0,0,0,0,0,0,0,0,0,0,0,1,0,0,0,0,0,0,0,0,0,0,0,0,0,1,1,0,1,0,1,0,0,0,0,0,0,1,0,0,0,0,3707,468,1447.941176,0,0,0,0,0,0,0.996,0.995,0.998,1,1,1,0.575,0.871,0.599,0.935,1.026,5.621,0,0,0,0,0,0,1,0,0,0,0,0
chr2,38074517,38074517,A,G,1,2,0,0,0,0,0,0,0,0,0,0,0,0,1,0,0,0,0,0,0,0,0,0,0,0,0,0,0,1,0,1,0,1,0,0,0,0,0,0,1,0,0,0,0,3820,356,1361.529412,0,0,0,0.728,0.728,0.728,0.927,0.995,0.524,0.85,0.813,1,0.669,0.991,0.665,1.061,1.138,3.794,0,1,0,0,0,0,0,0,0,0,0,0
chr2,38074958,38074958,A,G,1,2,0,0,0,0,0,0,0,0,0,0,0,0,1,0,0,0,0,0,0,0,0,0,0,0,0,0,1,1,0,1,0,1,0,0,0,0,0,0,1,0,0,0,0,4261,590,1093.625,0.01,0.01,0.01,0.993,0.993,0.993,0.893,0.675,0.335,0.84,0.869,0.42,0.669,0.042,0.607,1.01,0.204,0.528,0,1,0,0,0,0,0,0,0,0,0,0
chr2,38075147,38075147,T,A,1,2,0,0,0,0,0,0,0,0,0,0,0,0,1,0,0,0,0,0,0,0,0,0,0,0,0,0,1,1,0,1,0,1,0,0,0,0,0,0,1,0,0,0,0,4450,401,951.875,0.03,0.03,0.03,0.916,0.916,0.916,0.939,0.999,0.608,0.827,0.997,1,0.669,0.991,0.605,1.007,1.134,3.196,0,0,0,0,0,0,0,0,0,1,0,0
chr2,38075207,38075207,G,A,1,2,0,0,0,0,0,0,0,0,0,0,0,0,1,0,0,0,0,0,0,0,0,0,0,0,0,0,0,1,0,1,0,1,0,0,0,0,0,0,1,0,0,0,0,4510,341,906.875,0,0,0,0,0,0,0.988,0.999,0.017,0.788,0.941,1,0.575,0.871,-0.262,0.039,0.128,7.71,0,0,0,0,0,0,1,0,0,0,0,0
chr2,138002079,138002079,C,T,0,2,0,0,0,0,0,0,0,0,0,0,0,0,1,0,0,0,0,0,0,0,0,0,0,0,1,0,1,0,0,0,0,0,1,0,0,0,0,0,0,0,0,0,0,3767,3767,3767,0.03,0.03,0.03,0.612,0.612,0.612,0.998,0.995,0.996,1,1,1,0.575,0.871,0.591,0.928,1.002,5.032,0,0,0,0,0,1,0,0,0,0,0,0
chr2,233618225,233618225,C,G,0,2,0,0,0,0,0,0,0,0,0,0,0,0,1,0,0,0,0,0,0,0,0,0,0,0,0,0,0,0,0,0,0,0,0,0,0,0,0,0,0,0,0,0,0,0,0,0,0.02,0.02,0.02,0.12,0.12,0.12,0.052,0.015,0.019,0,0.001,0,-0.474,0.057,-0.986,-0.857,-0.656,-0.179,0,0,0,0,1,0,0,0,0,0,0,0
chr2,233618537,233618537,G,A,1,2,0,0,0,0,0,0,0,0,0,0,0,0,1,0,0,0,0,0,0,0,0,0,0,0,0,0,0,0,0,0,0,0,0,0,0,0,0,0,0,0,0,0,0,0,0,0,0,0,0,0,0,0,0.05,0.468,0.154,0.639,0.681,1,0.498,0.917,0.637,1.014,1.137,6.372,0,0,0,0,0,0,1,0,0,0,0,0
chr2,233636699,233636699,G,A,0,2,0,0,0,0,0,0,0,0,0,0,0,0,1,0,0,0,0,0,0,0,0,0,0,0,0,0,0,1,0,0,0,0,0,0,0,0,0,0,0,0,0,0,0,0,0,0,0.23,0.17,0.19,0.001,0.001,0.001,0.061,0.938,0.012,0.05,0.02,0,-1.342,-1.268,-0.148,-1.071,-0.986,-0.898,0,0,0,0,0,0,1,0,0,0,0,0
chr2,233637127,233637127,C,T,1,2,0,0,0,0,0,0,0,0,0,0,0,0,1,0,0,0,0,0,0,0,0,0,0,0,0,0,0,1,0,0,0,0,0,0,0,0,0,0,0,0,0,0,0,0,0,0,0.02,0.02,0.02,0.468,0.468,0.468,0.623,0.407,0.968,0.957,0.704,0,0.575,-0.048,0.599,-0.019,0.085,-0.387,0,0,0,0,0,1,0,0,0,0,0,0
chr2,233671942,233671942,G,A,0,2,0,0,0,0,0,0,0,0,0,0,0,0,1,0,0,0,0,0,0,0,0,0,0,0,0,0,0,1,0,0,0,0,0,0,0,0,0,0,0,0,0,0,0,0,0,0,0.77,0.77,0.77,0.013,0.013,0.013,0.002,0.003,0,0,0,0,-0.957,-0.043,-0.191,0.006,0.068,0.404,0,0,0,0,0,0,1,0,0,0,0,0
chr2,233672032,233672032,T,C,0,2,0,0,0,0,0,0,0,0,0,0,0,0,1,0,0,0,0,0,0,0,0,0,0,0,0,0,0,1,0,0,0,0,0,0,0,0,0,0,0,0,0,0,0,0,0,0,0.05,0.05,0.05,0.208,0.208,0.208,0.982,1,0.141,0.862,0.345,0.007,0.458,0.991,0.597,0.903,1.086,0.121,0,0,0,0,0,0,0,0,0,0,1,0
chr2,233672434,233672434,T,C,0,2,0,0,0,0,0,0,0,0,0,0,0,0,1,0,0,0,0,0,0,0,0,0,0,0,0,0,0,1,0,0,0,0,0,0,0,0,0,0,0,0,0,0,0,0,0,0,0.03,0.03,0.03,0.266,0.266,0.266,0.783,0.982,0.029,0.384,0.208,0,0.458,0.991,0.597,0.903,1.086,-1.524,0,0,0,0,0,0,0,0,0,0,1,0
chr2,233672481,233672481,T,G,0,2,0,0,0,0,0,0,0,0,0,0,0,0,1,0,0,0,0,0,0,0,0,0,0,0,0,0,0,1,0,0,0,0,0,0,0,0,0,0,0,0,0,0,0,0,0,0,0.01,0.01,0.01,0.76,0.76,0.76,0.535,0.365,0.01,0.002,0,0.007,0.458,0.991,-0.258,0.014,-0.275,-0.07,0,0,0,0,0,0,0,0,0,0,0,1
chr2,233718890,233718890,C,A,1,2,0,0,0,0,0,0,0,0,0,0,0,0,1,0,0,0,0,0,0,0,0,0,0,0,0,0,0,1,1,1,0,0,1,0,0,0,0,0,0,0,0,0,1,2632,2632,2632,0.32,0.26,0.28,0.164,0.035,0.121,0.138,0.015,0.019,0.016,0.007,0,0.395,0.598,-0.235,-0.015,0.115,-0.079,0,0,0,1,0,0,0,0,0,0,0,0
chr2,233718962,233718962,T,G,1,2,0,0,0,0,0,0,0,0,0,0,0,0,1,0,0,0,0,0,0,0,0,0,0,0,0,0,0,1,1,1,0,0,1,0,0,0,0,0,0,0,0,0,1,2560,2560,2560,0,0,0,0.003,0.003,0.003,0.017,0.002,0.328,0.012,0.002,0,-0.924,0.01,-0.17,0.036,0.206,-0.291,0,0,0,0,0,0,0,0,0,0,0,1
chr3,119807308,119807308,A,G,0,3,0,0,0,0,0,0,0,0,0,0,0,0,1,0,0,0,0,0,0,0,0,0,0,0,0,0,1,0,0,0,0,1,0,0,0,0,0,0,0,0,0,0,0,3768,3768,3768,0,0,0,0,0,0,0.009,0.002,0.006,0.003,0.012,0.002,-0.28,-0.347,-0.214,-0.088,0.08,0.335,0,1,0,0,0,0,0,0,0,0,0,0
chr3,119810131,119810131,A,G,0,3,0,0,0,0,0,0,0,0,0,0,0,0,1,0,0,0,0,0,0,0,0,0,0,0,0,0,1,0,0,0,0,1,0,0,0,1,0,0,1,0,0,0,0,945,945,945,0.07,0.04,0.053333333,0.995,0.468,0.774,0.99,0.997,0.994,0.997,0.982,1,0.714,1.062,0.756,1.088,1.312,7.204,0,1,0,0,0,0,0,0,0,0,0,0
chr3,119811610,119811610,A,G,0,3,0,0,0,0,0,0,0,0,0,0,0,0,1,0,0,0,0,0,0,0,0,0,0,0,0,0,1,0,0,0,0,0,1,0,0,0,0,0,0,0,0,0,0,1058,1058,1058,0.9,0.71,0.771666667,0,0,0,0,0,0.002,0,0,0,-0.92,-0.347,0.567,-0.656,-0.09,-0.98,0,1,0,0,0,0,0,0,0,0,0,0
chr3,119812788,119812788,T,G,0,3,0,0,0,0,0,0,0,0,0,0,0,0,1,0,0,0,0,1,0,0,0,0,0,0,0,0,1,1,0,0,0,0,1,0,0,0,0,0,0,0,0,0,0,2236,2236,2236,0.19,0.12,0.155,0.089,0.06,0.06725,0,0.009,0.008,0,0,0,-1.175,0.079,-0.127,-0.317,-0.641,-1.768,0,0,0,0,0,0,0,0,0,0,0,1
chr3,119815004,119815004,T,G,0,3,0,0,0,0,0,0,0,0,0,0,0,0,1,0,0,0,0,0,0,0,0,0,0,0,0,0,1,0,0,0,0,0,1,0,0,0,0,0,0,0,0,0,0,4452,4452,4452,0.31,0.24,0.278333333,0.315,0.057,0.165166667,0.999,0.979,0.857,0.986,0.998,0.398,0.669,0.086,-0.108,0.089,0.207,0.476,0,0,0,0,0,0,0,0,0,0,0,1
chr3,119815052,119815052,A,G,1,3,0,0,0,0,0,0,0,0,0,0,0,0,1,0,0,0,0,0,0,0,0,0,0,0,0,0,1,0,0,0,0,0,1,0,0,0,0,0,0,0,0,0,0,4500,4500,4500,0.03,0.01,0.021666667,0.993,0.656,0.840333333,0.645,0.995,0.908,0.953,0.966,0.005,0.714,1.062,0.756,1.088,1.312,0.201,0,1,0,0,0,0,0,0,0,0,0,0
chr3,119815097,119815097,T,G,0,3,0,0,0,0,0,0,0,0,0,0,0,0,1,0,0,0,0,0,0,0,0,0,0,0,0,0,1,0,0,0,0,0,1,0,0,0,0,0,0,0,0,0,0,4545,4545,4545,0.37,0.2,0.26,0.031,0.01,0.024833333,0.976,0.995,0.998,0.998,1,0.967,-0.252,0.018,0.665,0.025,0.142,0.91,0,0,0,0,0,0,0,0,0,0,0,1
chr3,119817129,119817129,A,G,1,3,0,0,0,0,0,0,0,0,0,0,0,0,1,0,0,0,0,0,0,0,0,0,0,0,0,0,1,0,0,0,0,0,1,0,0,0,0,0,0,0,0,0,0,4821,4192,4282,0.08,0.06,0.066666667,0.993,0.288,0.769666667,0.985,0.996,0.992,1,1,1,0.714,1.062,0.691,1.14,1.312,3.751,0,1,0,0,0,0,0,0,0,0,0,0
chr4,9908299,9908299,G,A,0,4,0,0,0,0,0,0,0,0,0,0,0,0,1,0,0,0,0,0,0,0,0,0,0,0,0,0,1,0,0,0,0,0,0,0,0,0,0,0,0,0,0,0,0,0,0,0,0.1,0.09,0.096666667,0.015,0.009,0.011,0.921,0.516,0.338,0.257,0.042,0,-0.316,-0.02,-0.105,-0.416,0.123,-0.742,0,0,0,0,0,0,1,0,0,0,0,0
chr4,9920506,9920506,C,T,0,4,0,0,0,0,0,0,0,0,0,0,0,0,1,0,0,0,0,0,0,0,0,0,0,0,0,0,1,0,0,0,0,1,0,0,0,0,0,0,0,0,0,0,0,2308,2308,2308,0.09,0.09,0.09,0.996,0.989,0.991333333,0.596,0.979,0.004,0.053,0.001,0.001,-0.701,0.871,-0.804,-0.426,-0.809,-0.029,0,0,0,0,0,1,0,0,0,0,0,0
chr4,9920543,9920543,C,T,0,4,0,0,0,0,0,0,0,0,0,0,0,0,1,0,0,0,0,0,0,0,0,0,0,0,0,0,1,0,0,0,0,1,0,0,0,0,0,0,0,0,0,0,0,2271,2271,2271,0.16,0.16,0.16,0.203,0.112,0.142333333,0.408,0.916,0.007,0.049,0.051,0.89,0.575,0.871,-0.182,0.013,-0.291,1.762,0,0,0,0,0,1,0,0,0,0,0,0
chr4,9920546,9920546,C,G,0,4,0,0,0,0,0,0,0,0,0,0,0,0,1,0,0,0,0,0,0,0,0,0,0,0,0,0,1,0,0,0,0,1,0,0,0,0,0,0,0,0,0,0,0,2268,2268,2268,0,0,0,0.998,0.994,0.995333333,0.352,0.802,0.006,0.016,0.046,0.997,0.575,0.871,0.599,0.852,0.969,3.616,0,0,0,0,1,0,0,0,0,0,0,0
chr4,9920563,9920563,G,A,0,4,0,0,0,0,0,0,0,0,0,0,0,0,1,0,0,0,0,0,0,0,0,0,0,0,0,0,1,0,0,0,0,1,0,0,0,0,0,0,0,0,0,0,0,2251,2251,2251,0.2,0.18,0.193333333,0.24,0.155,0.183333333,0.032,0.747,0.144,0.294,0.281,0.437,0.606,0.917,0.676,0.953,1.108,0.75,0,0,0,0,0,0,1,0,0,0,0,0
chr4,9985699,9985699,C,T,0,4,0,0,0,0,0,0,0,0,0,0,0,0,1,0,0,0,0,0,0,0,0,0,0,0,0,0,1,0,0,0,0,1,0,0,0,0,0,0,0,0,0,1,0,2294,65,1551,0.08,0.04,0.045714286,0.793,0.593,0.678,0.995,0.973,0.29,0.746,0.235,0.006,0.575,-0.661,-0.941,-0.492,-0.327,-0.166,0,0,0,0,0,1,0,0,0,0,0,0
chr4,10021357,10021357,C,T,0,4,0,0,0,0,0,0,0,0,0,0,0,0,1,0,0,0,0,0,0,0,0,0,0,0,0,0,0,1,0,1,0,1,1,0,0,0,0,0,1,0,0,1,0,4704,92,2334.083333,0.1,0.1,0.1,0,0,0,0.023,0.015,0,0,0,0,0.575,-0.226,-0.86,-0.856,-0.603,-0.194,0,0,0,0,0,1,0,0,0,0,0,0
chr4,10025918,10025918,C,T,0,4,0,0,0,0,0,0,0,0,0,0,0,0,1,0,0,0,0,0,0,0,0,0,0,0,0,0,1,0,0,0,0,1,0,0,0,0,0,0,0,0,0,1,0,4660,4421,4480.05,0.51,0.45,0.462,0.001,0.001,0.001,0.001,0.003,0.007,0.001,0.011,0,0.575,0.598,0.599,0.935,0.979,-0.136,0,0,0,0,0,1,0,0,0,0,0,0
chr6,18130687,18130687,A,G,0,6,0,0,0,0,0,0,0,0,0,0,0,0,1,0,0,0,0,0,0,0,0,0,0,0,0,0,0,0,0,0,0,0,0,0,0,0,0,0,0,0,0,0,0,0,0,0,0,0,0,0.943,0.943,0.943,0.985,0.952,0.933,0.965,0.877,1,0.669,0.991,0.609,1.011,1.138,4.694,0,1,0,0,0,0,0,0,0,0,0,0
chr6,18130694,18130694,A,G,1,6,0,0,0,0,0,0,0,0,0,0,0,0,1,0,0,0,0,0,0,0,0,0,0,0,0,0,0,0,0,0,0,0,0,0,0,0,0,0,0,0,0,0,0,0,0,0,0.27,0.24,0.26,0.914,0.141,0.656333333,0.96,0.838,0.957,0.97,0.976,0.968,0.669,0.991,0.609,1.011,0.176,1.498,0,1,0,0,0,0,0,0,0,0,0,0
chr6,18130762,18130762,G,A,0,6,0,0,0,0,0,0,0,0,0,0,0,0,1,0,0,0,0,0,0,0,0,0,0,0,0,0,0,0,0,0,0,0,0,0,0,0,0,0,0,0,0,0,0,0,0,0,0.06,0.06,0.06,0.048,0.038,0.041333333,0.019,0.366,0.11,0.012,0.066,0,-0.173,0.057,-0.814,-0.258,-0.145,-1.029,0,0,0,0,0,0,1,0,0,0,0,0
chr6,18138969,18138969,G,A,1,6,0,0,0,0,0,0,0,0,0,0,0,0,1,0,0,0,0,0,0,0,0,0,0,0,0,0,0,0,0,0,0,0,0,0,0,0,0,0,0,0,0,0,0,0,0,0,0,0,0,0.999,0.998,0.998333333,0.047,0.556,0.919,0.458,0.457,0.457,-0.2,-0.048,0.599,0.077,0.138,0.887,0,0,0,0,0,0,1,0,0,0,0,0
chr6,18138997,18138997,G,A,1,6,0,0,0,0,0,0,0,0,0,0,0,0,1,0,0,0,0,0,0,0,0,0,0,0,0,0,0,0,0,0,0,0,0,0,0,0,0,0,0,0,0,0,0,0,0,0,0.78,0.77,0.773333333,0.2,0.122,0.148,0.975,0.995,0.993,0.998,1,0.949,0.575,-0.058,0.599,0.935,1.026,-0.093,0,0,0,0,0,0,1,0,0,0,0,0
chr6,18139689,18139689,G,A,1,6,0,0,0,0,0,0,0,0,0,0,0,0,1,0,0,0,0,0,0,0,0,0,0,0,0,0,0,0,0,0,0,0,0,0,0,0,0,0,0,0,0,0,0,0,0,0,0.06,0.06,0.06,0.788,0.653,0.743,0.984,0.996,0.998,1,0.999,1,0.575,0.871,0.599,0.935,1.026,5.044,0,0,0,0,0,0,1,0,0,0,0,0
chr6,18139710,18139710,C,T,0,6,0,0,0,1,0,0,0,0,0,0,0,0,0,0,0,0,0,0,0,0,0,0,0,0,0,0,0,0,0,0,0,0,0,0,0,0,0,0,0,0,0,0,0,0,0,0,0,0,0,0,0,0,0.929,0.993,0.994,0.998,0.995,0.995,0.606,0.917,0.676,1.048,1.176,2.251,0,0,0,0,0,1,0,0,0,0,0,0
chr6,18143597,18143597,A,C,0,6,0,0,0,0,0,0,0,0,0,0,0,0,1,0,0,1,0,0,0,0,0,0,0,0,0,0,0,0,0,0,0,0,0,0,0,0,0,0,0,0,0,0,0,0,0,0,0.06,0.06,0.06,0.758,0.735,0.750333333,0.951,0.996,0.894,0.995,0.998,1,0.669,0.991,0.609,1.011,1.138,5.62,1,0,0,0,0,0,0,0,0,0,0,0
chr6,18143606,18143606,A,C,0,6,0,0,0,0,0,0,0,0,0,0,0,0,1,0,0,0,0,0,0,0,0,0,0,0,0,0,0,0,0,0,0,0,0,0,0,0,0,0,0,0,0,0,0,0,0,0,0.03,0.03,0.03,0.982,0.159,0.707666667,0.954,0.993,0.643,0.962,0.995,1,0.669,0.991,0.609,1.011,1.138,5.62,1,0,0,0,0,0,0,0,0,0,0,0
chr6,18147845,18147845,G,A,1,6,0,0,0,1,0,0,0,0,0,0,0,0,0,0,0,0,0,0,0,0,0,0,0,0,0,0,0,0,0,0,0,0,0,0,0,0,0,0,1,0,0,0,0,0,0,0,0,0,0,0,0,0,0.978,0.999,0.877,0.909,0.983,1,0.575,0.871,0.599,0.935,1.026,5.023,0,0,0,0,0,0,1,0,0,0,0,0
chr6,18147910,18147910,T,C,1,6,0,0,0,1,0,0,0,0,0,0,0,0,0,0,0,0,0,0,0,0,0,0,0,0,0,0,0,0,0,0,0,0,0,0,0,0,0,0,1,0,0,0,0,0,0,0,0,0,0,0,0,0,0.935,0.917,0.694,0.907,0.758,0.997,0.714,1.062,0.756,1.199,1.312,5.937,0,0,0,0,0,0,0,0,0,0,1,0
chr6,18149022,18149022,G,A,1,6,0,0,0,0,0,0,0,0,0,0,0,0,1,0,0,0,0,0,0,0,0,0,0,0,0,0,0,0,0,0,0,0,0,0,0,0,0,0,1,0,0,0,0,0,0,0,0.04,0.04,0.04,0.749,0.695,0.731,0.014,0.009,0.134,0.054,0.011,0,-1.532,-0.029,-0.803,-0.275,-0.611,0.614,0,0,0,0,0,0,1,0,0,0,0,0
chr6,18149127,18149127,A,G,1,6,0,0,0,0,0,0,1,0,0,0,0,0,0,0,0,0,0,0,0,0,0,0,0,0,0,0,0,0,0,0,0,0,0,0,0,0,0,0,1,0,0,0,0,0,0,0,0.05,0.05,0.05,0.618,0.432,0.494,0.002,0.005,0.503,0.04,0.429,0.994,-0.141,0.037,0.665,0.144,0.2,2.656,0,1,0,0,0,0,0,0,0,0,0,0
chr6,32038459,32038459,C,A,0,6,0,0,0,0,0,0,0,0,0,0,0,0,1,0,0,0,0,0,0,0,0,0,0,0,1,0,1,0,1,0,0,1,1,0,0,1,0,0,1,0,0,1,1,4128,124,2699.125,0.16,0.06,0.12125,0,0,0,0.368,0.908,0.658,0.158,0.249,0,0.575,0.871,-0.236,-0.014,0.084,-0.757,0,0,0,1,0,0,0,0,0,0,0,0
chr6,32038468,32038468,G,A,0,6,0,0,0,0,0,0,0,0,0,0,0,0,1,0,0,0,0,0,0,0,0,0,0,0,1,0,1,0,1,0,0,1,1,0,0,0,0,0,1,0,0,1,1,4137,115,2699.125,0.77,0.27,0.61,0,0,0,0.152,0.133,0.082,0.06,0.073,0,-0.163,-0.543,0.665,0.084,-0.125,-0.845,0,0,0,0,0,0,1,0,0,0,0,0
chr6,32038514,32038514,C,A,1,6,0,0,0,0,0,0,0,0,0,0,0,0,1,0,0,0,0,0,0,0,0,0,0,0,1,0,1,0,1,0,0,1,1,0,0,0,0,0,1,0,0,1,1,4183,69,2699.125,0,0,0,0.993,0.908,0.974625,0.085,0.415,0.951,0.835,0.777,0.834,-0.2,-0.066,0.588,0.017,0.119,2.341,0,0,0,1,0,0,0,0,0,0,0,0
chr6,32038514,32038514,C,T,1,6,0,0,0,0,0,0,0,0,0,0,0,0,1,0,0,0,0,0,0,0,0,0,0,0,1,0,1,0,1,0,0,1,1,0,0,0,0,0,1,0,0,1,1,4183,69,2699.125,0.05,0.02,0.025714286,0.856,0.087,0.425375,0.085,0.415,0.951,0.835,0.777,0.834,-0.2,-0.066,0.588,0.017,0.119,2.341,0,0,0,0,0,1,0,0,0,0,0,0
chr6,32038616,32038616,G,A,1,6,0,0,0,0,0,0,0,0,0,0,0,0,1,0,0,0,0,0,0,0,0,0,0,0,1,0,1,0,1,0,0,1,1,0,0,0,0,0,1,0,0,1,1,4285,135,2817.913043,0.02,0.02,0.02,0.996,0.97,0.98775,0.037,0.976,0.032,0.462,0.039,1,0.606,0.897,0.663,0.941,1.143,3.762,0,0,0,0,0,0,1,0,0,0,0,0
chr6,32039124,32039124,T,G,1,6,0,0,0,0,0,0,0,0,0,0,0,0,1,0,0,0,0,0,0,0,0,0,0,0,1,1,1,0,1,0,0,1,1,0,0,0,0,0,0,0,0,1,1,4793,9,2856.608696,0,0,0,0.99,0.976,0.981666667,0.162,0.102,0.218,0.723,0.864,0.376,0.669,0.991,0.65,0.95,1.095,2.874,0,0,0,0,0,0,0,0,0,0,0,1
chr6,32039386,32039386,G,A,0,6,0,0,0,0,0,0,0,0,0,0,0,0,1,0,0,0,0,0,0,0,0,0,0,0,0,1,1,0,1,0,0,1,1,0,0,0,0,0,0,0,0,1,1,4781,271,2933.571429,0.98,0.57,0.765,0.06,0.027,0.03925,0.851,0.852,0.966,0.999,0.937,0.035,0.606,-0.045,0.66,0.939,1.138,0.126,0,0,0,0,0,0,1,0,0,0,0,0
chr6,32039423,32039423,T,A,1,6,0,0,0,0,0,0,0,0,0,0,0,0,1,0,0,0,0,0,0,0,0,0,0,0,0,1,1,0,1,0,0,1,1,0,0,0,0,0,0,0,0,1,1,4818,308,2938.857143,0,0,0,0.99,0.952,0.97,0.978,0.449,0.998,0.997,0.968,0.463,0.669,0.991,0.65,0.95,1.102,0.445,0,0,0,0,0,0,0,0,0,1,0,0
chr6,32039426,32039426,T,A,1,6,0,0,0,0,0,0,0,0,0,0,0,0,1,0,0,0,0,0,0,0,0,0,0,0,0,1,1,0,1,0,0,1,1,0,0,0,0,0,0,0,0,1,1,4821,311,2939.285714,0.01,0.01,0.01,0.999,0.993,0.998,0.957,0.411,0.998,0.995,0.951,0.932,0.669,0.991,0.65,0.95,1.102,2.912,0,0,0,0,0,0,0,0,0,1,0,0
chr6,32039603,32039603,A,G,0,6,0,0,0,0,0,0,0,0,0,0,0,0,1,0,0,0,0,0,0,0,0,0,0,0,0,1,1,0,1,0,0,1,1,0,0,0,0,0,0,0,0,1,1,4998,119,2719.347826,0.71,0.11,0.475714286,0.015,0.001,0.003571429,0.252,0.025,0.364,0.623,0.856,0.145,-0.654,-0.193,-0.236,-0.398,-0.28,0.204,0,1,0,0,0,0,0,0,0,0,0,0
chr6,32040069,32040069,C,T,0,6,0,0,0,0,0,0,0,0,0,0,0,0,1,0,0,0,0,0,0,0,0,0,0,0,0,0,1,1,0,1,0,1,1,0,0,0,0,0,0,0,0,1,1,4835,97,2079.148148,0.45,0.38,0.413333333,0.015,0.003,0.007,0.002,0,0.007,0,0,0,-2.006,-1.154,0.582,-0.52,-0.834,-1.384,0,0,0,0,0,1,0,0,0,0,0,0
chr6,32040110,32040110,G,T,1,6,0,0,0,0,0,0,0,0,0,0,0,0,1,0,0,0,0,0,0,0,0,0,0,0,0,0,1,1,0,1,0,1,1,0,0,0,0,0,0,0,0,1,1,4876,138,2092.814815,0.15,0.12,0.133333333,0.686,0.465,0.564666667,0.575,0.912,0.193,0.412,0.404,1,0.606,0.917,0.656,0.935,1.132,2.599,0,0,0,0,0,0,0,0,1,0,0,0
chr6,32040140,32040140,G,A,1,6,0,0,0,0,0,0,0,0,0,0,0,0,1,0,0,0,0,0,0,0,0,0,0,0,0,0,1,1,0,1,0,1,1,0,0,0,0,0,0,0,0,1,1,4906,168,2102.814815,0,0,0,0,0,0,0.61,0.622,0.599,0.713,0.819,1,0.606,0.917,0.656,0.935,1.132,5.988,0,0,0,0,0,0,1,0,0,0,0,0
chr6,32040140,32040140,G,C,1,6,0,0,0,0,0,0,0,0,0,0,0,0,1,0,0,0,0,0,0,0,0,0,0,0,0,0,1,1,0,1,0,1,1,0,0,0,0,0,0,0,0,1,1,4906,168,2102.814815,0,0,0,0,0,0,0.61,0.622,0.599,0.713,0.819,1,0.606,0.917,0.656,0.935,1.132,5.988,0,0,0,0,0,0,0,1,0,0,0,0
chr6,32040140,32040140,G,T,1,6,0,0,0,0,0,0,0,0,0,0,0,0,1,0,0,0,0,0,0,0,0,0,0,0,0,0,1,1,0,1,0,1,1,0,0,0,0,0,0,0,0,1,1,4906,168,2102.814815,0,0,0,0,0,0,0.61,0.622,0.599,0.713,0.819,1,0.606,0.917,0.656,0.935,1.132,5.988,0,0,0,0,0,0,0,0,1,0,0,0
chr6,32040153,32040153,C,A,1,6,0,0,0,0,0,0,0,0,0,0,0,0,1,0,0,0,0,0,0,0,0,0,0,0,0,0,1,1,0,1,0,1,1,0,0,0,0,0,0,0,0,1,1,4919,181,2107.148148,0,0,0,0.999,0.999,0.999,0.573,0.74,0.797,0.949,0.975,1,0.575,0.871,0.585,0.839,0.993,6.024,0,0,0,1,0,0,0,0,0,0,0,0
chr6,32040173,32040173,T,C,1,6,0,0,0,0,0,0,0,0,0,0,0,0,1,0,0,0,0,0,0,0,0,0,0,0,0,0,1,1,0,1,0,1,1,0,0,0,0,0,0,0,0,1,1,4939,201,2113.814815,0,0,0,0,0,0,0.868,0.993,0.426,0.953,0.869,1,0.669,0.991,0.65,0.95,1.101,2.673,0,0,0,0,0,0,0,0,0,0,1,0
chr6,32040491,32040491,G,C,1,6,0,0,0,0,0,0,0,0,0,0,0,0,1,0,0,0,0,0,0,0,0,0,0,0,0,0,1,0,0,0,0,1,1,0,0,0,0,0,0,0,0,1,0,4233,519,1004,0,0,0,0.941,0.92,0.934,0.074,0.084,0.576,0.41,0.163,0.014,-0.163,0.034,0.66,0.145,-0.138,0.164,0,0,0,0,0,0,0,1,0,0,0,0
chr6,32040535,32040535,C,T,1,6,0,0,0,0,0,0,0,0,0,0,0,0,1,0,0,0,0,0,0,0,0,0,0,0,0,0,1,0,0,0,0,1,1,0,0,0,0,0,0,0,0,1,0,4277,563,1006.315789,0,0,0,0.999,0.999,0.999,0.763,0.798,0.975,0.986,0.957,0.358,0.575,0.871,0.585,0.923,0.984,0.984,0,0,0,0,0,1,0,0,0,0,0,0
chr6,32040715,32040715,T,G,1,6,0,0,0,0,0,0,0,0,0,0,0,0,1,0,0,0,0,0,0,0,0,0,0,0,0,0,1,0,0,0,0,1,1,0,0,0,0,0,0,0,0,1,0,4457,438,1015.789474,0,0,0,0.992,0.983,0.989,0.969,0.782,0.821,0.963,0.989,0.788,0.669,0.97,0.661,1.058,1.104,2.599,0,0,0,0,0,0,0,0,0,0,0,1
chr6,32040871,32040871,C,T,1,6,0,0,0,0,0,0,0,0,0,0,0,0,1,0,0,1,0,0,0,0,0,0,0,0,0,0,1,0,0,0,0,1,1,0,0,0,0,0,1,0,0,1,0,4613,282,1024,0,0,0,0.692,0.692,0.692,0.709,0.933,0.417,0.911,0.771,0.215,0.575,0.853,0.592,0.929,0.995,0.798,0,0,0,0,0,1,0,0,0,0,0,0
chr6,32040926,32040926,G,A,1,6,0,0,0,0,0,0,0,0,0,0,0,0,1,0,0,0,0,0,0,0,0,0,0,0,0,0,1,0,0,0,0,1,1,0,0,0,0,0,1,0,0,1,0,4668,227,1026.894737,0,0,0,0,0,0,0.962,0.822,0.012,0.118,0.048,0.687,0.498,0.897,0.668,1.041,1.14,2.668,0,0,0,0,0,0,1,0,0,0,0,0
chr6,32040986,32040986,T,C,1,6,0,0,0,0,0,0,0,0,0,0,0,0,1,0,0,0,0,0,0,0,0,0,0,0,0,0,1,0,0,0,0,1,1,0,0,0,0,0,1,0,0,1,0,4728,167,1030.052632,0,0,0,0,0,0,0.807,0.307,0.95,0.938,0.942,0.964,0.669,0.97,0.657,1.054,1.104,2.672,0,0,0,0,0,0,0,0,0,0,1,0
chr6,32040997,32040997,A,C,1,6,0,0,0,0,0,0,0,0,0,0,0,0,1,0,0,0,0,0,0,0,0,0,0,0,0,0,1,0,0,0,0,1,1,0,0,0,0,0,1,0,0,1,0,4739,156,1030.631579,0.04,0.02,0.03,0.768,0.668,0.734666667,0.601,0.762,0.85,0.981,0.98,0.01,0.585,1.039,0.747,1.191,1.271,0.458,1,0,0,0,0,0,0,0,0,0,0,0
chr6,32040998,32040998,C,T,0,6,0,0,0,0,0,0,0,0,0,0,0,0,1,0,0,0,0,0,0,0,0,0,0,0,0,0,1,0,0,0,0,1,1,0,0,0,0,0,1,0,0,1,0,4740,155,1030.684211,0.04,0.03,0.033333333,0.881,0.881,0.881,0.567,0.737,0.781,0.952,0.942,0.002,0.473,-0.074,0.592,0.929,0.995,0.12,0,0,0,0,0,1,0,0,0,0,0,0
chr6,32041006,32041006,C,T,0,6,0,0,0,0,0,0,0,0,0,0,0,0,1,0,0,0,0,0,0,0,0,0,0,0,0,0,1,0,0,0,0,1,1,0,0,0,0,0,1,0,0,1,0,4748,147,1031.105263,0.02,0.02,0.02,0.963,0.918,0.939666667,0.038,0.566,0.452,0.725,0.719,0.031,0.575,0.853,0.592,0.929,0.969,0.697,0,0,0,0,0,1,0,0,0,0,0,0
chr6,160249250,160249250,G,T,0,6,0,0,0,0,0,0,0,0,0,0,0,0,1,0,0,0,0,0,0,0,0,0,0,0,0,0,1,0,0,0,0,1,0,0,0,0,0,0,0,0,0,0,0,3709,3709,3709,0,0,0,0.012,0.012,0.012,0.21,0.209,0.228,0.056,0.17,0.997,-0.182,-2.302,-1.624,-0.735,-0.615,2.5,0,0,0,0,0,0,0,0,1,0,0,0
chr6,160250619,160250619,C,T,0,6,0,0,0,0,0,0,0,0,0,0,0,0,1,0,0,0,0,0,0,0,0,0,0,0,0,0,1,0,0,0,0,0,0,0,0,0,0,0,1,0,0,0,0,0,0,0,0.14,0.11,0.13,0.488,0.488,0.488,0.004,0.955,0.952,0.056,0.073,0,0.606,0.897,0.674,1.048,1.176,0.021,0,0,0,0,0,1,0,0,0,0,0,0
chr6,160250625,160250625,C,T,0,6,0,0,0,0,0,0,0,0,0,0,0,0,1,0,0,0,0,0,0,0,0,0,0,0,0,0,1,0,0,0,0,0,0,0,0,0,0,0,1,0,0,0,0,0,0,0,0,0,0,0,0,0,0.002,0.922,0.917,0.023,0.037,0.901,-1.809,-0.532,-0.123,-0.649,-1.365,0.081,0,0,0,0,0,1,0,0,0,0,0,0
chr7,87403212,87403212,G,A,0,7,0,0,0,0,0,0,0,0,0,0,0,0,1,0,0,0,0,0,0,0,0,0,0,0,0,0,1,0,0,0,0,1,1,0,0,0,0,0,0,0,0,0,1,4738,11,3272.5,0,0,0,0.991,0.84,0.911142857,0.947,0.989,0.998,0.998,0.999,1,0.575,0.871,0.599,0.852,1.026,7.884,0,0,0,0,0,0,1,0,0,0,0,0
chr7,87423907,87423907,C,T,1,7,0,0,0,0,0,0,0,0,0,0,0,0,1,0,0,1,0,0,0,0,0,0,0,0,0,1,1,0,1,0,0,0,1,0,0,0,0,0,0,0,0,0,1,2915,2915,2915,0.1,0.08,0.085714286,0.579,0.007,0.172428571,0.379,0.969,0.78,0.768,0.044,0.003,0.606,0.015,-2.062,-0.878,-1.281,-0.451,0,0,0,0,0,1,0,0,0,0,0,0
chr7,87423973,87423973,C,T,0,7,0,0,0,0,0,0,0,0,0,0,0,0,1,0,0,0,0,0,0,0,0,0,0,0,0,1,1,0,1,0,0,0,1,0,0,0,0,0,0,0,0,0,1,2849,2849,2849,0,0,0,0.91,0.796,0.853428571,0.987,0.615,0.998,0.345,0.97,0.961,0.606,0.917,0.676,0.143,1.176,2.604,0,0,0,0,0,1,0,0,0,0,0,0
chr7,87440335,87440335,T,C,0,7,0,0,0,0,0,0,0,0,0,0,0,0,1,0,0,0,0,0,0,0,0,0,0,0,0,1,1,0,1,0,0,0,0,0,0,0,0,0,0,0,0,0,1,0,0,0,0,0,0,0.999,0.938,0.962571429,0.897,0.997,0.983,0.953,0.998,1,0.714,1.062,0.756,1.199,1.312,7.472,0,0,0,0,0,0,0,0,0,0,1,0
chr7,87444890,87444890,C,T,0,7,0,0,0,0,0,0,0,0,0,0,0,0,1,0,0,0,0,0,0,0,0,0,0,0,0,1,1,0,1,0,0,0,0,0,0,0,0,0,0,0,0,0,1,0,0,0,0,0,0,0.667,0.173,0.378857143,0.993,0.997,0.997,0.996,0.981,1,0.606,0.917,0.613,0.897,1.176,9.932,0,0,0,0,0,1,0,0,0,0,0,0
chr7,87444912,87444912,T,C,0,7,0,0,0,0,0,0,0,0,0,0,0,0,1,0,0,0,0,0,0,0,0,0,0,0,0,1,1,0,1,0,0,0,0,0,0,0,0,0,0,0,0,0,1,0,0,0,0,0,0,0.614,0.216,0.442,0.998,0.992,0.996,0.997,0.99,1,0.714,1.062,0.684,1.022,1.312,4.988,0,0,0,0,0,0,0,0,0,0,1,0
chr7,87447182,87447182,C,T,0,7,0,0,0,0,0,0,0,0,0,0,0,0,1,0,0,0,0,0,0,0,0,0,0,0,0,1,1,0,1,0,0,0,0,0,0,0,0,0,0,0,0,0,1,0,0,0,0,0,0,0.996,0.983,0.988714286,0.998,1,0.979,0.999,1,1,0.606,0.917,0.613,0.993,1.176,6.857,0,0,0,0,0,1,0,0,0,0,0,0
chr7,99760836,99760836,C,T,0,7,0,0,0,0,0,0,0,0,0,0,0,0,1,0,0,0,0,0,0,0,0,0,0,0,0,0,1,0,0,0,0,0,0,0,0,0,0,0,0,0,0,0,0,0,0,0,0.3,0.2,0.265,0.021,0.003,0.008,0.624,0.992,0.866,0.979,0.995,0.102,0.281,-0.287,0.676,0.784,0.981,0.394,0,0,0,0,0,1,0,0,0,0,0,0
chr7,99760901,99760901,T,C,0,7,0,0,0,0,0,0,0,0,0,0,0,0,1,0,0,0,0,0,0,0,0,0,0,0,0,0,1,0,0,0,0,0,0,0,0,0,0,0,0,0,0,0,0,0,0,0,0.02,0.01,0.018333333,0.373,0.009,0.183333333,0.879,0.995,0.995,0.998,1,1,0.326,0.804,0.756,0.889,1.089,4.745,0,0,0,0,0,0,0,0,0,0,1,0
chr7,99764003,99764003,T,C,0,7,0,0,0,0,0,0,0,0,0,0,0,0,1,0,0,0,0,0,0,0,0,0,0,0,0,0,1,0,0,0,0,1,0,0,0,0,0,0,0,0,0,0,0,2540,2540,2540,0.08,0.05,0.071666667,0.006,0.006,0.006,0.133,0.18,0.986,0.974,0.251,0,0.326,-0.179,0.756,0.889,0.174,-1.891,0,0,0,0,0,0,0,0,0,0,1,0
chr7,99768458,99768458,T,C,1,7,0,0,0,0,0,0,0,0,0,0,0,0,1,0,0,0,0,0,0,0,0,0,0,0,0,0,0,0,0,0,0,1,1,0,0,0,0,0,0,0,0,1,0,1674,636,1238.25,0,0,0,0.937,0.349,0.788,0.154,0.974,0.991,0.996,0.996,1,0.326,0.804,0.684,0.821,1.118,8.735,0,0,0,0,0,0,0,0,0,0,1,0
chr8,18222237,18222237,C,T,1,8,0,0,0,0,0,0,0,0,0,0,0,0,1,0,0,0,0,0,0,0,0,0,0,0,0,0,1,0,0,0,0,0,1,0,0,0,0,0,0,0,0,0,0,139,139,139,0,0,0,0.999,0.998,0.9987,0.925,0.957,0.039,0.046,0.549,0.84,0.575,-0.222,0.549,0.81,0.797,0.833,0,0,0,0,0,1,0,0,0,0,0,0
chr8,18222607,18222607,G,A,1,8,0,0,0,0,0,0,0,0,0,0,0,0,1,0,0,0,0,0,0,0,0,0,0,0,0,0,1,0,0,0,0,0,1,0,0,0,0,0,0,0,0,0,0,509,283,396,0.11,0.06,0.075,0.176,0.119,0.1361,0.905,0.918,0.849,0.977,0.958,0.011,0.606,0.777,0.618,0.804,0.047,1.639,0,0,0,0,0,0,1,0,0,0,0,0
chr8,18222660,18222660,A,G,0,8,0,0,0,0,0,0,0,0,0,0,0,0,1,0,0,0,0,0,0,0,0,0,0,0,0,0,1,0,0,0,0,0,1,0,0,0,0,0,0,0,0,0,0,562,336,449,0,0,0,0.06,0.037,0.0531,0.851,0.978,0.942,0.964,0.977,0,0.714,0.003,-0.677,-0.404,0.115,0.013,0,1,0,0,0,0,0,0,0,0,0,0
chr8,18222799,18222799,A,T,1,8,0,0,0,0,0,0,0,0,0,0,0,0,1,0,0,0,0,0,0,0,0,0,0,0,0,0,0,0,0,0,0,0,1,0,0,0,0,0,0,0,0,0,0,701,45,407,0,0,0,0.999,0.999,0.999,0.267,0.716,0.557,0.461,0.106,1,0.714,0.899,0.691,0.915,1.01,6.266,0,0,1,0,0,0,0,0,0,0,0,0
chr8,18222828,18222828,G,A,0,8,0,0,0,0,0,0,0,0,0,0,0,0,1,0,0,0,0,0,0,0,0,0,0,0,0,0,0,0,0,0,0,0,1,0,0,0,0,0,0,0,0,0,0,730,74,436,0.04,0.01,0.019,0.062,0.053,0.0557,0.35,0.971,0.516,0.944,0.797,1,0.606,0.777,0.618,0.804,0.908,3.908,0,0,0,0,0,0,1,0,0,0,0,0
chr8,18222834,18222834,A,G,0,8,0,0,0,0,0,0,0,0,0,0,0,0,1,0,0,0,0,0,0,0,0,0,0,0,0,0,0,0,0,0,0,0,1,0,0,0,0,0,0,0,0,0,0,736,80,442,0.98,0.87,0.947,0.011,0.007,0.0082,0.3,0.912,0.566,0.959,0.916,0.025,-0.113,0.899,0.691,0.915,0.111,-0.943,0,1,0,0,0,0,0,0,0,0,0,0
chr8,18400193,18400193,C,T,1,8,0,0,0,0,0,0,0,0,0,0,0,0,1,0,0,0,0,0,0,0,0,0,0,0,0,0,0,1,0,0,0,0,0,0,0,0,0,0,0,0,0,0,0,0,0,0,0,0,0,0,0,0,0.669,0.911,0.411,0.552,0.175,0.003,0.395,-0.146,0.504,0.77,0.87,0.035,0,0,0,0,0,1,0,0,0,0,0,0
chr8,18400194,18400194,G,A,1,8,0,0,0,0,0,0,0,0,0,0,0,0,1,0,0,0,0,0,0,0,0,0,0,0,0,0,0,1,0,0,0,0,0,0,0,0,0,0,0,0,0,0,0,0,0,0,0.01,0.01,0.01,0.99,0.99,0.99,0.724,0.94,0.429,0.588,0.21,0.778,0.412,0.83,-0.218,0.012,0.1,4.275,0,0,0,0,0,0,1,0,0,0,0,0
chr8,18400344,18400344,T,C,1,8,0,0,0,0,0,0,0,0,0,0,0,0,1,0,0,0,0,0,0,0,0,0,0,0,1,0,0,0,0,0,0,0,0,0,0,0,0,0,0,0,0,0,0,0,0,0,0.01,0.01,0.01,0.925,0.925,0.925,0.068,0.033,0.024,0.002,0.031,0.958,0.458,0.899,0.558,0.016,0.078,3.857,0,0,0,0,0,0,0,0,0,0,1,0
chr8,18400367,18400367,G,A,1,8,0,0,0,0,0,0,0,0,0,0,0,0,1,0,0,0,0,0,0,0,0,0,0,0,1,0,0,0,0,0,0,0,0,0,0,0,0,0,0,0,0,0,0,0,0,0,0,0,0,0,0,0,0.76,0.007,0.049,0.23,0.397,1,0.412,0.83,0.567,0.86,0.993,8.162,0,0,0,0,0,0,1,0,0,0,0,0
chr8,18400414,18400414,A,T,1,8,0,0,0,0,0,0,0,0,0,0,0,0,1,0,0,0,0,0,0,0,0,0,0,0,0,0,0,0,0,0,0,0,0,0,0,0,0,0,0,0,0,0,0,0,0,0,0,0,0,0.957,0.957,0.957,0.947,0.901,0.089,0.632,0.042,0.006,0.484,-0.505,-0.208,0.077,-0.259,-0.928,0,0,1,0,0,0,0,0,0,0,0,0
chr8,18400437,18400437,A,C,1,8,0,0,0,0,0,0,0,0,0,0,0,0,1,0,0,0,0,0,0,0,0,0,0,0,0,0,0,0,0,0,0,0,0,0,0,0,0,0,0,0,0,0,0,0,0,0,0,0,0,0,0,0,0.962,0.994,0.259,0.668,0.648,1,0.484,0.96,0.632,0.98,1.106,7.607,1,0,0,0,0,0,0,0,0,0,0,0
chr8,18400502,18400502,G,A,0,8,0,0,0,0,0,0,0,0,0,0,0,0,1,0,0,0,0,0,0,0,0,0,0,0,0,0,0,0,0,0,0,0,0,0,0,0,0,0,0,0,0,0,0,0,0,0,0,0,0,0.007,0.007,0.007,0.977,0.053,0.576,0.987,0.987,0.994,0.412,-0.787,0.567,0.86,0.993,1.22,0,0,0,0,0,0,1,0,0,0,0,0
chr8,18400593,18400593,G,A,1,8,0,0,0,0,0,0,0,0,0,0,0,0,1,0,0,0,0,0,0,0,0,0,0,0,0,0,0,0,0,0,0,0,0,0,0,0,0,0,0,0,0,0,0,0,0,0,0.06,0.04,0.045,0.995,0.995,0.995,0.758,0.08,0.006,0.011,0.005,0.13,0.412,0.83,-0.289,-0.092,0.102,1.089,0,0,0,0,0,0,1,0,0,0,0,0
chr8,18400848,18400848,A,C,0,8,0,0,0,0,0,0,0,0,0,0,0,0,1,0,0,0,0,0,0,0,0,0,0,0,0,0,0,0,0,0,0,0,0,0,0,0,0,0,0,0,0,0,0,0,0,0,0.1,0.03,0.0825,0.998,0.998,0.998,0.365,0.052,0.02,0.237,0.194,0.532,0.484,0.96,-0.186,0.071,0.118,2.881,1,0,0,0,0,0,0,0,0,0,0,0
chr8,18400860,18400860,G,A,0,8,0,0,0,0,0,0,0,0,0,0,0,0,1,0,0,0,0,0,0,0,0,0,0,0,0,0,0,0,0,0,0,0,0,0,0,0,0,0,0,0,0,0,0,0,0,0,0.63,0.51,0.54,0.047,0.047,0.047,0.261,0.011,0.01,0.062,0.02,0,0.412,0.83,-0.238,-0.114,0.085,-1.915,0,0,0,0,0,0,1,0,0,0,0,0
chr8,104381290,104381290,C,T,1,8,0,0,0,0,0,0,0,0,0,0,0,0,1,0,0,0,0,0,0,0,0,0,0,0,0,0,1,1,0,0,0,0,0,0,0,0,0,0,1,0,0,0,1,0,0,0,0.01,0.01,0.01,0.959,0.959,0.959,0.184,0.092,0.338,0.049,0.018,1,0.606,0.917,0.654,0.933,1.157,4.544,0,0,0,0,0,1,0,0,0,0,0,0
chr8,104392924,104392924,G,A,1,8,0,0,0,0,0,0,0,0,0,0,0,0,1,0,0,0,0,0,0,0,0,0,0,0,0,0,1,1,0,1,0,1,0,0,0,0,0,0,0,0,0,0,1,68,68,68,0,0,0,0,0,0,0.982,0.995,0.987,0.98,0.994,1,0.575,0.871,0.599,0.935,1.026,7.568,0,0,0,0,0,0,1,0,0,0,0,0
chr8,104424247,104424247,G,T,1,8,0,0,0,0,0,0,0,0,0,0,0,0,1,0,0,1,0,0,0,0,0,0,0,0,0,0,0,0,0,0,0,1,1,0,0,0,0,0,0,0,0,0,0,4900,2747,3899.333333,0.26,0.26,0.26,0.992,0.992,0.992,0.99,0.996,0.988,1,1,1,0.575,0.871,0.599,0.935,1.026,5.756,0,0,0,0,0,0,0,0,1,0,0,0
chr8,104427982,104427982,G,A,1,8,0,0,0,0,0,0,0,0,0,0,0,0,1,0,0,1,0,0,0,0,0,0,0,0,0,0,0,0,0,0,0,1,1,0,0,0,0,0,0,0,0,0,0,1165,316,740.5,0,0,0,0.996,0.996,0.996,0.993,0.999,0.969,1,1,1,0.575,0.871,0.599,0.935,1.026,7.905,0,0,0,0,0,0,1,0,0,0,0,0
chr8,104427994,104427994,T,C,1,8,0,0,0,0,0,0,0,0,0,0,0,0,1,0,0,0,0,0,0,0,0,0,0,0,0,0,0,0,0,0,0,1,1,0,0,0,0,0,0,0,0,0,0,1153,304,728.5,0,0,0,0,0,0,0.993,0.998,0.992,1,1,1,0.714,1.062,0.756,1.199,1.312,9.325,0,0,0,0,0,0,0,0,0,0,1,0
chr8,104428045,104428045,A,G,1,8,0,0,0,0,0,0,0,0,0,0,0,0,1,0,0,0,0,0,0,0,0,0,0,0,0,0,0,0,0,0,0,1,1,0,0,0,0,0,1,0,0,0,0,1102,253,677.5,0,0,0,0.996,0.996,0.996,0.942,0.996,0.999,1,1,1,0.669,0.991,0.665,1.061,1.138,8.017,0,1,0,0,0,0,0,0,0,0,0,0
chr8,104428062,104428062,T,C,1,8,0,0,0,0,0,0,0,0,0,0,0,0,1,0,0,0,0,0,0,0,0,0,0,0,0,0,0,0,0,0,0,1,1,0,0,0,0,0,1,0,0,0,0,1085,236,660.5,0,0,0,0.885,0.885,0.885,0.993,0.997,0.998,0.999,0.998,1,0.714,1.062,0.756,1.199,1.312,7.496,0,0,0,0,0,0,0,0,0,0,1,0
chr8,104428071,104428071,A,G,1,8,0,0,0,0,0,0,0,0,0,0,0,0,1,0,0,0,0,0,0,0,0,0,0,0,0,0,0,0,0,0,0,1,1,0,0,0,0,0,1,0,0,0,0,1076,227,651.5,0,0,0,0,0,0,0.997,1,0.999,1,1,1,0.669,0.991,0.665,1.061,1.138,8.017,0,1,0,0,0,0,0,0,0,0,0,0
chr8,104429590,104429590,G,A,1,8,0,0,0,0,0,0,0,0,0,0,0,0,1,0,0,0,0,0,0,0,0,0,0,0,0,0,1,0,0,0,0,0,0,0,0,0,0,0,0,0,0,0,0,0,0,0,0,0,0,0.999,0.999,0.999,0.361,0.971,0.971,0.959,0.941,1,0.575,0.871,0.599,0.935,1.026,7.905,0,0,0,0,0,0,1,0,0,0,0,0
chr8,104466712,104466712,T,C,1,8,0,0,0,0,0,0,0,0,0,0,0,0,1,0,0,0,0,0,0,0,0,0,0,0,0,0,0,1,0,1,0,0,0,0,0,0,0,0,1,0,0,1,0,0,0,0,0.01,0.01,0.01,0.593,0.294,0.393666667,0.998,1,0.989,0.999,1,1,0.714,1.039,0.584,1.051,1.223,8.686,0,0,0,0,0,0,0,0,0,0,1,0
chr8,104466904,104466904,G,A,0,8,0,0,0,0,0,0,0,0,0,0,0,0,1,0,0,0,0,0,0,0,0,0,0,0,0,0,0,1,0,1,0,0,0,0,0,0,0,0,1,0,0,1,0,0,0,0,0.03,0.02,0.026666667,0.062,0.062,0.062,0.326,0.561,0.011,0.003,0.006,0.253,0.575,0.853,-0.942,-0.493,0.127,0.776,0,0,0,0,0,0,1,0,0,0,0,0
chr8,142875730,142875730,C,A,1,8,0,0,0,0,0,0,0,0,0,0,0,0,1,0,0,0,0,0,0,0,0,0,0,0,0,0,1,1,0,0,0,0,0,0,0,0,0,0,1,0,0,1,1,0,0,0,0.04,0.01,0.026666667,0.61,0.007,0.454166667,0.347,0.994,0.282,0.863,0.461,1,0.606,0.917,0.646,1.022,0.957,5.422,0,0,0,1,0,0,0,0,0,0,0,0
chr8,142879146,142879146,C,T,1,8,0,0,0,0,0,0,0,0,0,0,0,0,1,0,0,0,0,0,0,0,0,0,0,0,0,0,1,1,0,0,0,1,0,0,0,0,0,0,0,0,0,1,1,3349,3349,3349,0,0,0,0,0,0,0.366,0.229,0.131,0.192,0.067,1,0.606,0.917,0.613,0.993,0.889,3.627,0,0,0,0,0,1,0,0,0,0,0,0
chr9,84279999,84279999,T,C,1,9,0,0,0,0,0,0,0,0,0,0,0,0,1,0,0,0,0,0,0,0,0,0,0,0,0,0,1,1,0,1,0,0,0,0,0,0,0,0,0,0,0,0,0,0,0,0,0.01,0.01,0.01,0.288,0.288,0.288,0.806,0.923,0.812,0.976,0.988,1,-0.145,0.042,0.756,1.199,1.312,4.871,0,0,0,0,0,0,0,0,0,0,1,0
chr10,94762713,94762713,C,A,0,10,0,0,0,0,0,0,0,0,0,0,0,0,1,0,0,0,0,0,0,0,0,0,0,0,0,0,0,0,0,0,0,0,0,0,0,0,0,0,0,0,0,0,0,0,0,0,0.07,0.01,0.05,0.943,0.883,0.923,0.383,0.056,0.001,0.003,0.011,0,-0.238,-0.032,-0.299,-0.911,-0.397,-1.662,0,0,0,1,0,0,0,0,0,0,0,0
chr10,94762751,94762751,C,T,0,10,0,0,0,0,0,0,0,0,0,0,0,0,1,0,0,0,0,0,0,0,0,0,0,0,0,0,0,0,0,0,0,0,0,0,0,0,0,0,0,0,0,0,0,0,0,0,0.15,0.13,0.143333333,0.166,0.166,0.166,0.817,0.019,0.648,0.07,0.396,0.976,0.575,-0.032,0.52,0.02,0.035,0.739,0,0,0,0,0,1,0,0,0,0,0,0
chr10,94762755,94762755,T,C,0,10,0,0,0,0,0,0,0,0,0,0,0,0,1,0,0,0,0,0,0,0,0,0,0,0,0,0,0,0,0,0,0,0,0,0,0,0,0,0,0,0,0,0,0,0,0,0,0.01,0.01,0.01,0.246,0.168,0.22,0.841,0.001,0.384,0.028,0.055,0.642,0.669,0.991,0.577,0.983,0.983,3.053,0,0,0,0,0,0,0,0,0,0,1,0
chr10,94762760,94762760,A,C,0,10,0,0,0,0,0,0,0,0,0,0,0,0,1,0,0,0,0,0,0,0,0,0,0,0,0,0,0,0,0,0,0,0,0,0,0,0,0,0,0,0,0,0,0,0,0,0,0,0,0,0,0,0,0.858,0,0.06,0.002,0.002,0,-0.331,-0.465,-0.269,0.024,0.037,-0.464,1,0,0,0,0,0,0,0,0,0,0,0
chr10,94762788,94762788,A,T,0,10,0,0,0,0,0,0,0,0,0,0,0,0,1,0,0,0,0,0,0,0,0,0,0,0,0,0,0,0,0,0,0,0,0,0,0,0,0,0,0,0,0,0,0,0,0,0,0,0,0,0.959,0.959,0.959,0.835,0.809,0.003,0.353,0.269,0.491,0.714,1.062,0.667,1.119,1.129,0.854,0,0,1,0,0,0,0,0,0,0,0,0
chr10,94775106,94775106,C,T,1,10,0,0,0,0,0,0,0,0,0,0,0,0,1,0,0,0,0,0,0,0,0,0,0,0,0,0,1,0,0,0,0,1,0,0,0,0,0,0,0,0,0,0,0,473,473,473,0.01,0.01,0.01,0.255,0.059,0.189666667,0.001,0.004,0,0.001,0.001,0.001,0.575,0.871,0.531,0.791,0.848,1.492,0,0,0,0,0,1,0,0,0,0,0,0
chr10,94775121,94775121,C,T,0,10,0,0,0,0,0,0,0,0,0,0,0,0,1,0,0,0,0,0,0,0,0,0,0,0,0,0,1,0,0,0,0,1,0,0,0,0,0,0,0,0,0,0,0,488,488,488,0.19,0.15,0.176666667,0,0,0,0.246,0.45,0.047,0.122,0.161,0.001,-0.31,-0.032,-0.284,-0.585,-0.387,-0.268,0,0,0,0,0,1,0,0,0,0,0,0
chr10,94775160,94775160,G,C,0,10,0,0,0,0,0,0,0,0,0,0,0,0,1,0,0,0,0,0,0,0,0,0,0,0,0,0,1,0,0,0,0,1,0,0,0,0,0,0,0,0,0,0,0,527,527,527,0.02,0.01,0.016666667,0.16,0.015,0.111666667,0.655,0.613,0.031,0.01,0.005,0.62,0.606,-0.011,0.597,0.018,0.118,3.901,0,0,0,0,0,0,0,1,0,0,0,0
chr10,94775185,94775185,A,G,0,10,0,0,0,0,0,0,0,0,0,0,0,0,1,0,0,0,0,0,0,0,0,0,0,0,0,0,1,0,0,0,0,1,0,0,0,0,0,0,0,0,0,0,0,552,552,552,0.39,0.25,0.343333333,0,0,0,0.001,0,0,0,0,0,-1.422,-1.348,-2.516,-1.721,-1.298,-3.235,0,1,0,0,0,0,0,0,0,0,0,0
chr10,94775416,94775416,T,C,1,10,0,0,0,0,0,0,0,0,0,0,0,0,1,0,0,0,0,0,0,0,0,0,0,0,0,0,1,0,0,0,0,1,0,0,0,0,0,0,0,0,0,0,0,783,783,783,0,0,0,0,0,0,0.063,0.847,0.057,0.242,0.414,1,0.669,0.991,0.588,0.895,0.991,5.24,0,0,0,0,0,0,0,0,0,0,1,0
chr10,94775429,94775429,G,A,1,10,0,0,0,0,0,0,0,0,0,0,0,0,1,0,0,0,0,0,0,0,0,0,0,0,0,0,1,0,0,0,0,1,0,0,0,0,0,0,0,0,0,0,0,796,796,796,0.01,0.01,0.01,0.827,0.765,0.785666667,0.024,0.035,0.052,0.124,0.13,0.953,0.606,0.917,0.597,0.883,1.022,5.67,0,0,0,0,0,0,1,0,0,0,0,0
chr10,94775431,94775431,C,G,1,10,0,0,0,0,0,0,0,0,0,0,0,0,1,0,0,0,0,0,0,0,0,0,0,0,0,0,1,0,0,0,0,1,0,0,0,0,0,0,0,0,0,0,0,798,798,798,0,0,0,0.968,0.847,0.887333333,0.026,0.035,0.056,0.126,0.139,0.077,0.575,0.871,0.531,0.791,0.895,0.733,0,0,0,0,1,0,0,0,0,0,0,0
chr10,94775447,94775447,C,T,1,10,0,0,0,0,0,0,0,0,0,0,0,0,1,0,0,0,0,0,0,0,0,0,0,0,0,0,1,0,0,0,0,1,0,0,0,0,0,0,0,0,0,0,0,814,814,814,0.01,0.01,0.01,0.798,0.229,0.608333333,0.049,0.002,0.017,0.004,0.008,0.992,0.575,-0.032,0.531,-0.035,0.039,3.356,0,0,0,0,0,1,0,0,0,0,0,0
chr10,94775453,94775453,G,A,1,10,0,0,0,0,0,0,0,0,0,0,0,0,1,0,0,0,0,0,0,0,0,0,0,0,0,0,1,0,0,0,0,1,0,0,0,0,0,0,0,0,0,0,0,820,820,820,0,0,0,0.47,0.448,0.455333333,0.063,0.117,0.305,0.518,0.9,1,0.606,0.024,-0.188,0.027,1.022,3.989,0,0,0,0,0,0,1,0,0,0,0,0
chr10,94775465,94775465,T,A,1,10,0,0,0,0,0,0,0,0,0,0,0,0,1,0,0,0,0,0,0,0,0,0,0,0,0,0,1,0,0,0,0,1,0,0,0,0,0,0,0,0,0,0,0,832,832,832,0.01,0.01,0.01,0.495,0.025,0.338333333,0.118,0.997,0.725,0.945,0.978,1,-0.176,0.991,0.588,0.895,0.991,5.299,0,0,0,0,0,0,0,0,0,1,0,0
chr10,94775507,94775507,G,A,0,10,0,0,0,0,0,0,0,0,0,0,0,0,1,0,0,0,0,0,0,0,0,0,0,0,0,0,1,0,0,0,0,1,0,0,0,0,0,0,0,0,0,0,0,874,874,874,0.28,0.23,0.263333333,0.001,0.001,0.001,0.079,0.002,0.002,0,0,0,-1.149,-1.288,-0.908,-2.197,-2.706,-1.416,0,0,0,0,0,0,1,0,0,0,0,0
chr10,94780574,94780574,G,C,1,10,0,0,0,0,0,0,0,0,0,0,0,0,1,0,0,0,0,0,0,0,0,0,0,0,0,0,1,0,0,0,0,0,1,0,0,0,0,0,0,0,0,0,0,4124,4124,4124,0,0,0,0.92,0.92,0.92,0.979,0.961,0.897,0.984,0.823,0.337,0.606,0.069,0.593,0.879,0.19,1.794,0,0,0,0,0,0,0,1,0,0,0,0
chr10,94780579,94780579,G,A,0,10,0,0,0,0,0,0,0,0,0,0,0,0,1,0,0,0,0,0,0,0,0,0,0,0,0,0,1,0,0,0,0,0,1,0,0,0,0,0,0,0,0,0,0,4129,4129,4129,0.02,0.02,0.02,0.006,0.006,0.006,0.988,0.969,0.895,0.943,0.822,1,0.606,0.917,0.593,0.879,0.19,4.629,0,0,0,0,0,0,1,0,0,0,0,0
chr10,94781858,94781858,C,T,1,10,0,0,0,0,0,0,0,0,0,0,0,0,1,0,0,0,0,0,0,0,0,0,0,0,0,0,1,0,0,0,0,0,0,0,0,0,0,0,0,0,0,0,0,0,0,0,0,0,0,0.292,0.292,0.292,0.009,0.025,0.204,0.05,0.013,1,0.575,0.871,0.531,0.791,0.941,6.24,0,0,0,0,0,1,0,0,0,0,0,0
chr10,94781870,94781870,A,C,0,10,0,0,0,0,0,0,0,0,0,0,0,0,1,0,0,0,0,0,0,0,0,0,0,0,0,0,1,0,0,0,0,0,0,0,0,0,0,0,0,0,0,0,0,0,0,0,0.05,0.05,0.05,0,0,0,0.007,0.003,0.178,0.013,0.021,0.003,-0.175,0.126,0.667,1.007,1.199,1.912,1,0,0,0,0,0,0,0,0,0,0,0
chr10,94781959,94781959,C,T,1,10,0,0,0,0,0,0,0,0,0,0,0,0,1,0,0,0,0,0,0,0,0,0,0,0,0,0,1,0,0,0,0,0,0,0,0,0,0,0,0,0,0,0,0,0,0,0,0.02,0.02,0.02,0.055,0.055,0.055,0.871,0.795,0.838,0.928,0.986,0.962,0.575,-0.058,0.531,0.791,0.987,2.309,0,0,0,0,0,1,0,0,0,0,0,0
chr10,94781991,94781991,G,A,0,10,0,0,0,0,0,0,0,0,0,0,0,0,1,0,0,0,0,0,0,0,0,0,0,0,0,0,1,0,0,0,0,0,0,0,0,0,0,0,0,0,0,0,0,0,0,0,0.04,0.04,0.04,0.005,0.005,0.005,0.97,0.99,0.849,0.892,0.985,0.162,0.606,-0.011,0.597,0.018,0.189,0.308,0,0,0,0,0,0,1,0,0,0,0,0
chr10,94820507,94820507,C,A,0,10,0,0,0,0,0,0,0,0,0,0,0,0,1,0,0,0,0,0,0,0,0,0,0,0,0,0,0,1,0,1,0,0,0,0,0,0,0,0,0,0,0,0,0,0,0,0,0.06,0.06,0.06,0.003,0.003,0.003,0.061,0.081,0.01,0.002,0,0,-0.485,-0.582,-0.273,-0.487,-1.204,-1.227,0,0,0,1,0,0,0,0,0,0,0,0
chr10,94820584,94820584,G,A,1,10,0,0,0,0,0,0,0,0,0,0,0,0,1,0,0,0,0,0,0,0,0,0,0,0,0,0,0,1,0,1,0,0,0,0,0,0,0,0,0,0,0,0,0,0,0,0,0.02,0.02,0.02,0.028,0.028,0.028,0.044,0.947,0.743,0.266,0.457,0.993,-0.304,-0.029,0.593,0.041,0.214,3.12,0,0,0,0,0,0,1,0,0,0,0,0
chr10,94842855,94842855,T,C,1,10,0,0,0,0,0,0,0,0,0,0,0,0,1,0,0,0,0,0,0,0,0,0,0,0,0,0,1,0,0,0,0,0,0,0,0,0,0,0,0,0,0,0,0,0,0,0,0,0,0,0.977,0.977,0.977,0.916,0.848,0.02,0.096,0.504,1,0.549,0.991,0.584,0.891,1.089,6.963,0,0,0,0,0,0,0,0,0,0,1,0
chr10,94842861,94842861,G,A,0,10,0,0,0,0,0,0,0,0,0,0,0,0,1,0,0,0,0,0,0,0,0,0,0,0,0,0,1,0,0,0,0,0,0,0,0,0,0,0,0,0,0,0,0,0,0,0,0.36,0.36,0.36,0.003,0.003,0.003,0.854,0.525,0,0,0,0,-0.304,-0.543,-1.665,-1.656,-1.794,-4.562,0,0,0,0,0,0,1,0,0,0,0,0
chr10,94842879,94842879,G,A,1,10,0,0,0,0,0,0,0,0,0,0,0,0,1,0,0,0,0,0,0,0,0,0,0,0,0,0,1,0,0,0,0,0,0,0,0,0,0,0,0,0,0,0,0,0,0,0,0.06,0.06,0.06,0.068,0.068,0.068,0.921,0.47,0.176,0.786,0.694,0.038,0.498,0.917,0.593,0.879,1.124,2.174,0,0,0,0,0,0,1,0,0,0,0,0
chr10,94842896,94842896,G,A,1,10,0,0,0,0,0,0,0,0,0,0,0,0,1,0,0,0,0,0,0,0,0,0,0,0,0,0,1,0,0,0,0,0,0,0,0,0,0,0,0,0,0,0,0,0,0,0,0,0,0,0.585,0.585,0.585,0.841,0.929,0.858,0.957,0.994,1,0.498,0.917,0.593,0.879,1.124,4.65,0,0,0,0,0,0,1,0,0,0,0,0
chr10,94842954,94842954,A,T,1,10,0,0,0,0,0,0,0,0,0,0,0,0,1,0,0,0,0,0,0,0,0,0,0,0,0,0,1,0,0,0,0,0,0,0,0,0,0,0,0,0,0,0,0,0,0,0,0,0,0,0.603,0.603,0.603,0.854,0.763,0.046,0.397,0.481,0.001,0.585,1.062,0.648,0.99,1.249,1.758,0,0,1,0,0,0,0,0,0,0,0,0
chr10,94843016,94843016,A,T,1,10,0,0,0,0,0,0,0,0,0,0,0,0,1,0,0,0,0,0,0,0,0,0,0,0,0,0,1,0,0,0,0,0,0,0,0,0,0,0,0,0,0,0,0,0,0,0,0.01,0.01,0.01,0.841,0.841,0.841,0.592,0.528,0.041,0.016,0.008,1,0.585,1.062,0.648,0.99,0.226,5.143,0,0,1,0,0,0,0,0,0,0,0,0
chr10,94849953,94849953,C,G,1,10,0,0,0,0,0,0,0,0,0,0,0,0,1,0,0,0,0,0,0,0,0,0,0,0,0,0,1,0,0,0,0,0,0,0,0,0,0,0,0,0,0,0,0,0,0,0,0,0,0,0.619,0.619,0.619,0.463,0.944,0.024,0.128,0.845,0,0.473,0.033,-0.289,-0.026,0.1,-0.744,0,0,0,0,1,0,0,0,0,0,0,0
chr10,94849975,94849975,A,T,0,10,0,0,0,0,0,0,0,0,0,0,0,0,1,0,0,0,0,0,0,0,0,0,0,0,0,0,1,0,0,0,0,0,0,0,0,0,0,0,0,0,0,0,0,0,0,0,0,0,0,0.233,0.233,0.233,0.603,0.989,0.773,0.944,0.998,0.365,0.585,1.062,0.662,1.002,1.254,2.72,0,0,1,0,0,0,0,0,0,0,0,0
chr10,94849995,94849995,C,T,0,10,0,0,0,0,0,0,0,0,0,0,0,0,1,0,0,0,0,0,0,0,0,0,0,0,0,0,1,0,0,0,0,0,0,0,0,0,0,0,0,0,0,0,0,0,0,0,0,0,0,0.005,0.005,0.005,0.458,0.982,0.313,0.717,0.703,0,-1.124,-0.029,-1.017,-0.608,-0.229,0.298,0,0,0,0,0,1,0,0,0,0,0,0
chr10,94850028,94850028,A,C,1,10,0,0,0,0,0,0,0,0,0,0,0,0,1,0,0,0,0,0,0,0,0,0,0,0,0,0,1,0,0,0,0,0,0,0,0,0,0,0,0,0,0,0,0,0,0,0,0,0,0,0.587,0.587,0.587,0.906,1,0.904,0.99,0.993,1,0.585,1.062,0.662,1.002,1.254,5.1,1,0,0,0,0,0,0,0,0,0,0,0
chr10,94850056,94850056,C,T,0,10,0,0,0,0,0,0,0,0,0,0,0,0,1,0,0,1,0,0,0,0,0,0,0,0,0,0,1,0,0,0,0,0,0,0,0,0,0,0,0,0,0,0,0,0,0,0,0.04,0.04,0.04,0.006,0.006,0.006,0.574,0.806,0.223,0.079,0.12,0.925,-0.345,-0.048,0.527,-0.018,0.109,1.886,0,0,0,0,0,1,0,0,0,0,0,0
chr10,94852738,94852738,C,T,1,10,0,0,0,0,0,0,0,0,0,0,0,0,1,0,0,0,0,0,0,0,0,0,0,0,0,0,1,0,0,0,0,0,0,0,0,0,0,0,0,0,0,0,0,0,0,0,0,0,0,0.633,0.633,0.633,0.82,0.992,0.774,0.758,0.438,0.996,0.473,0.791,-0.304,-0.111,0.049,0.973,0,0,0,0,0,1,0,0,0,0,0,0
chr10,94852765,94852765,C,T,1,10,0,0,0,0,0,0,0,0,0,0,0,0,1,0,0,0,0,0,0,0,0,0,0,0,0,0,1,0,0,0,0,0,0,0,0,0,0,0,0,0,0,0,0,0,0,0,0.01,0.01,0.01,0.839,0.839,0.839,0.983,0.991,0.676,0.889,0.964,0.002,0.473,0.791,0.517,0.692,0.046,0.033,0,0,0,0,0,1,0,0,0,0,0,0
chr10,94852785,94852785,C,G,1,10,0,0,0,0,0,0,0,0,0,0,0,0,1,0,0,0,0,0,0,0,0,0,0,0,0,0,1,0,0,0,0,0,0,0,0,0,0,0,0,0,0,0,0,0,0,0,0.11,0.11,0.11,0.107,0.107,0.107,0.942,0.839,0.472,0.817,0.878,0,-0.345,-0.236,0.517,-0.083,0.056,-1.794,0,0,0,0,1,0,0,0,0,0,0,0
chr10,94938771,94938771,C,T,1,10,0,0,0,0,0,0,0,0,0,0,0,0,1,0,0,0,0,0,0,0,0,0,0,0,0,0,0,0,1,0,0,1,1,0,0,0,0,0,0,0,0,0,0,3148,1482,2465.333333,0.02,0.01,0.0125,0.978,0.914,0.931,0.763,0.559,0.019,0.139,0.548,0.997,0.395,0.871,0.546,0.804,1.004,4.187,0,0,0,0,0,1,0,0,0,0,0,0
chr10,94938803,94938803,A,G,1,10,0,0,0,0,0,0,0,0,0,0,0,0,1,0,0,0,0,0,0,0,0,0,0,0,0,0,0,0,1,0,0,1,1,0,0,0,0,0,0,0,0,0,0,3116,1450,2433.333333,0,0,0,0.994,0.834,0.914,0.83,0.892,0.125,0.628,0.621,1,0.484,1.062,0.686,1.024,1.283,6.796,0,1,0,0,0,0,0,0,0,0,0,0
chr10,94941897,94941897,G,C,1,10,0,0,0,0,0,0,0,0,0,0,0,0,1,0,0,0,0,0,0,0,0,0,0,0,0,0,1,0,1,0,0,1,0,0,0,0,0,0,0,0,0,0,0,776,22,399,0,0,0,0.999,0.896,0.96875,0.303,0.548,0.006,0.015,0.038,1,0.498,0.917,0.614,0.898,1.154,6.835,0,0,0,0,0,0,0,1,0,0,0,0
chr10,94941915,94941915,G,A,1,10,0,0,0,0,0,0,0,0,0,0,0,0,1,0,0,0,0,0,0,0,0,0,0,0,0,0,1,0,1,0,0,1,0,0,0,0,0,0,0,0,0,0,0,794,4,399,0,0,0,0.963,0.385,0.7525,0.396,0.045,0.009,0.039,0.136,1,0.498,0.917,0.614,0.898,1.154,3.987,0,0,0,0,0,0,1,0,0,0,0,0
chr10,94941958,94941958,T,C,1,10,0,0,0,0,0,0,0,0,0,0,0,0,1,0,0,0,0,0,0,0,0,0,0,0,0,0,1,0,1,0,0,1,0,0,0,0,0,0,0,0,0,0,0,837,837,837,0.2,0.18,0.1875,0.996,0.172,0.778,0.695,0.668,0.023,0.001,0.021,0,-0.449,-0.651,-2.273,-2.083,-1.848,-1.735,0,0,0,0,0,0,0,0,0,0,1,0
chr10,94942233,94942233,C,T,1,10,0,0,0,0,0,0,0,0,0,0,0,0,1,0,0,0,0,0,0,0,0,0,0,0,0,0,1,0,1,0,0,1,0,0,0,0,0,0,0,0,0,0,0,1112,1112,1112,0.03,0.02,0.0225,0.997,0.949,0.984,0.138,0.028,0.308,0.017,0.009,0.878,0.473,0.871,0.546,0.804,1.007,2.393,0,0,0,0,0,1,0,0,0,0,0,0
chr10,94942234,94942234,G,A,1,10,0,0,0,0,0,0,0,0,0,0,0,0,1,0,0,0,0,0,0,0,0,0,0,0,0,0,1,0,1,0,0,1,0,0,0,0,0,0,0,0,0,0,0,1113,1113,1113,0.07,0.03,0.055,0.861,0.309,0.622,0.16,0.035,0.267,0.016,0.009,0.901,0.498,0.917,-0.165,0.039,0.211,2.777,0,0,0,0,0,0,1,0,0,0,0,0
chr10,94942249,94942249,C,G,1,10,0,0,0,0,0,0,0,0,0,0,0,0,1,0,0,0,0,0,0,0,0,0,0,0,0,0,1,0,1,0,0,1,0,0,0,0,0,0,0,0,0,0,0,1128,1128,1128,0,0,0,0.997,0.702,0.91925,0.691,0.001,0.001,0,0.001,0.976,0.395,-0.032,0.546,-0.026,0.112,3.354,0,0,0,0,1,0,0,0,0,0,0,0
chr10,94942255,94942255,G,A,1,10,0,0,0,0,0,0,0,0,0,0,0,0,1,0,0,0,0,0,0,0,0,0,0,0,0,0,1,0,1,0,0,1,0,0,0,0,0,0,0,0,0,0,0,1134,1134,1134,0,0,0,0.965,0.688,0.75875,0.79,0.269,0.107,0.134,0.675,0.961,0.412,0.917,0.614,0.898,1.154,4.763,0,0,0,0,0,0,1,0,0,0,0,0
chr10,94942273,94942273,A,T,1,10,0,0,0,0,0,0,0,0,0,0,0,0,1,0,0,0,0,0,0,0,0,0,0,0,0,0,1,0,1,0,0,1,0,0,0,0,0,0,0,0,0,0,0,1152,1152,1152,0,0,0,0.999,0.999,0.999,0.978,0.965,0.145,0.068,0.898,1,-0.422,0.069,0.686,0.116,0.306,4.236,0,0,1,0,0,0,0,0,0,0,0,0
chr10,94942290,94942290,C,T,1,10,0,0,0,0,0,0,0,0,0,0,0,0,1,0,0,0,0,0,0,0,0,0,0,0,0,0,1,0,1,0,0,1,0,0,0,0,0,0,0,0,0,0,0,1169,1169,1169,0.07,0.04,0.05,0.996,0.849,0.95675,0.967,0.251,0.008,0.002,0.018,0.004,0.395,-1.132,-0.236,-0.591,0.083,-0.052,0,0,0,0,0,1,0,0,0,0,0,0
chr10,94942309,94942309,G,A,1,10,0,0,0,0,0,0,0,0,0,0,0,0,1,0,0,0,0,0,0,0,0,0,0,0,0,0,1,0,1,0,0,1,0,0,0,0,0,0,0,0,0,0,0,1188,1188,1188,0.3,0.26,0.285,0.103,0.003,0.0335,0.943,0,0.018,0.001,0.006,0,0.412,-1.773,0.614,-0.006,0.171,-0.771,0,0,0,0,0,0,1,0,0,0,0,0
chr10,94942309,94942309,G,T,0,10,0,0,0,0,0,0,0,0,0,0,0,0,1,0,0,0,0,0,0,0,0,0,0,0,0,0,1,0,1,0,0,1,0,0,0,0,0,0,0,0,0,0,0,1188,1188,1188,0.57,0.43,0.5025,0.354,0.026,0.128,0.943,0,0.018,0.001,0.006,0,0.412,-1.773,0.614,-0.006,0.171,-0.771,0,0,0,0,0,0,0,0,1,0,0,0
chr10,94947938,94947938,A,T,1,10,0,0,0,0,0,0,0,0,0,0,0,0,1,0,0,1,0,0,0,0,0,0,0,0,0,0,1,0,1,0,0,0,1,0,0,0,0,0,0,0,0,0,0,4672,47,2359.5,0,0,0,0.081,0.012,0.058,0.02,0.479,0.02,0.063,0.15,1,-0.439,1.062,0.756,1.088,1.273,2.989,0,0,1,0,0,0,0,0,0,0,0,0
chr10,94949217,94949217,A,G,0,10,0,0,0,0,0,0,0,0,0,0,0,0,1,0,0,0,0,0,0,0,0,0,0,0,0,0,1,0,1,0,0,0,1,0,0,0,0,0,0,0,0,0,0,1326,1326,1326,0,0,0,0.44,0.274,0.384666667,0.182,0.251,0.716,0.668,0.858,0.986,0.585,1.062,0.756,1.088,1.274,5.006,0,1,0,0,0,0,0,0,0,0,0,0
chr10,94949280,94949280,A,G,1,10,0,0,0,0,0,0,0,0,0,0,0,0,1,0,0,0,0,0,0,0,0,0,0,0,0,0,1,0,1,0,0,0,1,0,0,0,0,0,0,0,0,0,0,1389,1389,1389,0.03,0.02,0.026666667,0.143,0.02,0.102,0.773,0.723,0.006,0.038,0.287,0.01,0.585,0.126,0.756,1.088,1.274,2.584,0,1,0,0,0,0,0,0,0,0,0,0
chr10,94972119,94972119,C,A,0,10,0,0,0,0,0,0,0,0,0,0,0,0,1,0,0,0,0,0,0,0,0,0,0,0,0,0,0,1,1,0,0,0,0,0,0,0,0,0,0,0,0,0,0,0,0,0,0.01,0.01,0.01,0,0,0,0.019,0.036,0.001,0,0,0,-0.576,-0.591,-0.184,-0.529,-0.332,-3.772,0,0,0,1,0,0,0,0,0,0,0,0
chr10,94972179,94972179,A,G,1,10,0,0,0,0,0,0,0,0,0,0,0,0,1,0,0,0,0,0,0,0,0,0,0,0,0,0,0,1,1,0,0,0,0,0,0,0,0,0,0,0,0,0,0,0,0,0,0.01,0.01,0.01,0.965,0.965,0.965,0.664,0.333,0.393,0.774,0.786,0.324,0.585,-0.522,-0.097,0.124,0.263,1.575,0,1,0,0,0,0,0,0,0,0,0,0
chr10,94972186,94972186,C,A,1,10,0,0,0,0,0,0,0,0,0,0,0,0,1,0,0,0,0,0,0,0,0,0,0,0,0,0,0,1,1,0,0,0,0,0,0,0,0,0,0,0,0,0,0,0,0,0,0.01,0.01,0.01,0.971,0.971,0.971,0.778,0.918,0.494,0.953,0.962,1,0.473,0.871,0.596,0.848,1.005,4.965,0,0,0,1,0,0,0,0,0,0,0,0
chr10,94981201,94981201,T,C,1,10,0,0,0,0,0,0,0,0,0,0,0,0,1,0,0,0,0,0,0,0,0,1,0,0,0,0,0,0,1,0,0,0,0,0,0,0,0,0,0,0,0,0,0,0,0,0,0,0,0,0,0,0,0.889,0.895,0.341,0.59,0.641,1,0.549,0.991,0.665,0.964,1.118,5.356,0,0,0,0,0,0,0,0,0,0,1,0
chr10,94981216,94981216,G,A,1,10,0,0,0,0,0,0,0,0,0,0,0,0,1,0,0,0,0,0,0,0,0,0,0,0,0,1,0,0,1,0,0,0,0,0,0,0,0,0,0,0,0,0,0,0,0,0,0,0,0,0.986,0.986,0.986,0.961,0.907,0.229,0.69,0.663,1,0.498,0.917,0.676,0.953,1.155,5.769,0,0,0,0,0,0,1,0,0,0,0,0
chr10,94981224,94981224,C,T,1,10,0,0,0,0,0,0,0,0,0,0,0,0,1,0,0,0,0,0,0,0,0,0,0,0,0,1,0,0,1,0,0,0,0,0,0,0,0,0,0,0,0,0,0,0,0,0,0.01,0.01,0.01,0.998,0.998,0.998,0.964,0.874,0.364,0.665,0.44,0.038,-0.576,-0.022,0.599,-0.035,-0.345,1.186,0,0,0,0,0,1,0,0,0,0,0,0
chr10,94981225,94981225,G,A,1,10,0,0,0,0,0,0,0,0,0,0,0,0,1,0,0,0,0,0,0,0,0,0,0,0,0,1,0,0,1,0,0,0,0,0,0,0,0,0,0,0,0,0,0,0,0,0,0.06,0.06,0.06,0.81,0.81,0.81,0.971,0.91,0.456,0.833,0.801,0.066,0.498,0.917,0.676,0.953,1.155,2.093,0,0,0,0,0,0,1,0,0,0,0,0
chr10,94981281,94981281,G,A,1,10,0,0,0,0,0,0,0,0,0,0,0,0,1,0,0,0,0,0,0,0,0,0,0,0,0,1,0,0,1,0,0,0,0,0,0,0,0,0,0,0,0,0,0,0,0,0,0,0,0,0.999,0.999,0.999,0.97,0.993,0.778,0.926,0.488,1,0.498,0.917,0.672,0.949,0.207,7.002,0,0,0,0,0,0,1,0,0,0,0,0
chr10,94981296,94981296,A,C,1,10,0,0,0,0,0,0,0,0,0,0,0,0,1,0,0,0,0,0,0,0,0,0,0,0,0,1,0,0,1,0,0,0,0,0,0,0,0,0,0,0,0,0,0,0,0,0,0.04,0.04,0.04,0.06,0.06,0.06,0.944,0.584,0.865,0.982,0.976,0,0.585,0.02,0.751,1.083,0.265,0.278,1,0,0,0,0,0,0,0,0,0,0,0
chr10,94981297,94981297,T,C,1,10,0,0,0,0,0,0,0,0,0,0,0,0,1,0,0,0,0,0,0,0,0,0,0,0,0,1,0,0,1,0,0,0,0,0,0,0,0,0,0,0,0,0,0,0,0,0,0.03,0.03,0.03,0.809,0.809,0.809,0.922,0.568,0.859,0.978,0.97,0.006,0.549,0.991,0.661,0.961,1.114,1.642,0,0,0,0,0,0,0,0,0,0,1,0
chr10,94981301,94981301,C,G,1,10,0,0,0,0,0,0,0,0,0,0,0,0,1,0,0,0,0,0,0,0,0,0,0,0,0,1,0,0,1,0,0,0,0,0,0,0,0,0,0,0,0,0,0,0,0,0,0,0,0,0.308,0.308,0.308,0.666,0.119,0.696,0.681,0.626,0,-0.345,-0.75,0.596,-0.169,-0.235,-1.472,0,0,0,0,1,0,0,0,0,0,0,0
chr10,94981365,94981365,C,T,1,10,0,0,0,0,0,0,0,0,0,0,0,0,1,0,0,0,0,0,0,0,0,0,0,0,0,1,0,0,1,0,0,0,0,0,0,0,0,0,0,0,0,0,0,0,0,0,0,0,0,0,0,0,0.498,0.884,0.563,0.614,0.124,0.985,0.473,0.871,0.596,0.848,0.107,4.024,0,0,0,0,0,1,0,0,0,0,0,0
chr10,94986132,94986132,G,A,1,10,0,0,0,0,0,0,0,0,0,0,0,0,1,0,0,0,0,0,0,0,0,0,0,0,0,1,0,0,1,0,0,0,0,0,0,0,0,0,0,0,0,0,0,0,0,0,0.01,0.01,0.01,0.91,0.91,0.91,0.727,0.954,0.056,0.257,0.3,1,0.498,0.917,0.659,0.938,1.151,8.776,0,0,0,0,0,0,1,0,0,0,0,0
chr10,94988917,94988917,G,C,1,10,0,0,0,0,0,0,0,0,0,0,0,0,1,0,0,0,0,0,0,0,0,0,0,0,0,1,0,0,1,0,0,0,1,0,0,0,0,0,0,0,0,0,0,4811,4811,4811,0,0,0,0.999,0.999,0.999,0.995,0.96,0.282,0.865,0.443,1,0.498,0.83,0.665,0.847,1.064,1.319,0,0,0,0,0,0,0,1,0,0,0,0
chr10,94989020,94989020,C,T,1,10,0,0,0,0,0,0,0,0,0,0,0,0,1,0,0,0,0,0,0,0,0,0,0,0,0,1,0,0,1,0,0,0,1,0,0,0,0,0,0,0,0,0,0,4708,4708,4708,0.01,0.01,0.01,0.878,0.878,0.878,0.069,0.003,0.004,0.009,0.005,0.772,0.473,0.791,0.589,0.758,0.931,2.401,0,0,0,0,0,1,0,0,0,0,0,0
chr10,94989023,94989023,G,T,0,10,0,0,0,0,0,0,0,0,0,0,0,0,1,0,0,0,0,0,0,0,0,0,0,0,0,1,0,0,1,0,0,0,1,0,0,0,0,0,0,0,0,0,0,4705,4705,4705,0,0,0,0.377,0.377,0.377,0.027,0.001,0,0,0,0,-0.304,-0.984,-2.043,-2.169,-1.418,-2.69,0,0,0,0,0,0,0,0,1,0,0,0
chr10,95045951,95045951,G,T,1,10,0,0,0,0,0,0,0,0,0,0,0,0,1,0,0,1,0,0,0,0,0,0,0,0,0,1,1,0,1,0,0,0,0,0,0,0,0,0,0,0,0,0,0,0,0,0,0.03,0.01,0.02,0.671,0.103,0.321444444,0.056,0.201,0.249,0.188,0.243,1,0.395,0.824,0.549,0.807,1.008,3.197,0,0,0,0,0,0,0,0,1,0,0,0
chr10,95058414,95058414,A,G,0,10,0,0,0,0,0,0,0,0,0,0,0,0,1,0,0,0,0,0,0,0,0,0,0,0,0,1,1,0,1,0,0,0,0,0,0,0,0,0,0,0,0,0,0,0,0,0,0,0,0,0.974,0.896,0.943666667,0.839,0.047,0.742,0.846,0.72,0,0.458,-0.409,0.609,0.911,1.118,-0.388,0,1,0,0,0,0,0,0,0,0,0,0
chr10,95064825,95064825,G,A,1,10,0,0,0,0,0,0,0,0,0,0,0,0,1,0,0,0,0,0,0,0,0,0,0,0,0,1,1,0,1,0,0,0,0,0,0,0,0,0,0,0,0,0,0,0,0,0,0.05,0.01,0.018888889,0.428,0.039,0.202,0.315,0,0.16,0.003,0.001,0,-0.474,-0.877,-0.249,-1.219,-1.945,-2.37,0,0,0,0,0,0,1,0,0,0,0,0
chr10,95064828,95064828,T,C,0,10,0,0,0,0,0,0,0,0,0,0,0,0,1,0,0,0,0,0,0,0,0,0,0,0,0,1,1,0,1,0,0,0,0,0,0,0,0,0,0,0,0,0,0,0,0,0,0.05,0.02,0.042222222,0.987,0.959,0.966777778,0.242,0.002,0.184,0.008,0.005,0,0.484,1.062,0.691,1.026,1.26,-2.847,0,0,0,0,0,0,0,0,0,0,1,0
chr10,95067273,95067273,G,A,0,10,0,0,0,0,0,0,0,0,0,0,0,0,1,0,0,0,0,0,0,0,0,0,0,0,0,1,1,0,1,0,0,0,0,0,0,0,0,0,0,0,0,0,0,0,0,0,0.01,0.01,0.01,0.996,0.989,0.994,0.741,0.329,0.974,0.949,0.993,0.008,0.395,-0.032,0.599,0.006,0.098,0.144,0,0,0,0,0,0,1,0,0,0,0,0
chr10,99799337,99799337,A,G,0,10,0,0,0,0,0,0,0,0,0,0,0,0,1,0,0,0,0,0,0,0,0,0,0,0,0,0,1,0,0,0,0,0,1,0,0,0,0,0,0,0,0,0,0,4989,117,1992.142857,0,0,0,0,0,0,0.006,0.007,0.052,0.016,0.04,1,0.714,1.058,0.754,1.085,1.312,9.122,0,1,0,0,0,0,0,0,0,0,0,0
chr10,99800412,99800412,G,A,0,10,0,0,0,0,0,0,0,0,0,0,0,0,1,0,0,0,0,0,0,0,0,0,0,0,0,0,1,0,0,0,0,0,1,0,0,0,0,0,0,0,0,0,0,3720,1192,1923.4,0.05,0.05,0.05,0.027,0.027,0.027,0.008,0.001,0.254,0.08,0.01,0,-1.342,-0.047,-0.108,-0.661,-0.819,-1.617,0,0,0,0,0,0,1,0,0,0,0,0
chr10,99804266,99804266,C,T,0,10,0,0,0,0,0,0,0,0,0,0,0,0,1,0,0,0,0,0,0,0,0,0,0,0,0,0,1,0,0,0,0,0,0,0,0,0,0,0,0,0,0,0,0,0,0,0,0.09,0.09,0.09,0.066,0.066,0.066,0.001,0.021,0.162,0.001,0.002,0,-1.449,-0.671,-0.138,-0.248,-0.391,-1.153,0,0,0,0,0,1,0,0,0,0,0,0
chr10,99813059,99813059,T,C,0,10,0,0,0,0,0,0,0,0,0,0,0,0,1,0,0,0,0,0,0,0,0,0,0,0,0,0,1,0,0,0,0,0,0,0,0,0,0,0,0,0,0,0,0,0,0,0,0,0,0,0.018,0.018,0.018,0.933,0.991,0.093,0.878,0.916,1,0.669,0.987,0.658,0.958,1.138,8.011,0,0,0,0,0,0,0,0,0,0,1,0
chr10,99830729,99830729,G,A,0,10,0,0,0,0,0,0,0,0,0,0,0,0,1,0,0,0,0,0,0,0,0,0,0,0,0,0,1,1,0,0,0,0,1,0,0,0,0,0,1,0,0,0,0,333,333,333,0.95,0.95,0.95,0,0,0,0.031,0.241,0.014,0.001,0,0,-0.163,0.096,-0.677,-1.096,-1.548,-0.625,0,0,0,0,0,0,1,0,0,0,0,0
chr10,99831980,99831980,T,C,0,10,0,0,0,0,0,0,0,0,0,0,0,0,1,0,0,0,0,0,0,0,0,0,0,0,0,0,1,0,0,0,0,0,1,0,0,0,0,0,0,0,0,0,0,1584,286,935,0,0,0,0.24,0.24,0.24,0.077,0.462,0.004,0.008,0.034,0.022,0.669,0.987,0.607,1.009,1.138,2.181,0,0,0,0,0,0,0,0,0,0,1,0
chr10,99836197,99836197,G,A,0,10,0,0,0,0,0,0,0,0,0,0,0,0,1,0,0,0,0,0,0,0,0,0,0,0,0,0,1,0,0,0,0,0,1,0,0,0,0,0,0,0,0,0,0,4503,4503,4503,0,0,0,0.667,0.667,0.667,0.909,0.625,0.332,0.298,0.407,1,0.606,0.913,0.616,0.996,1.176,8.153,0,0,0,0,0,0,1,0,0,0,0,0
chr10,99836218,99836218,G,T,0,10,0,0,0,0,0,0,0,0,0,0,0,0,1,0,0,0,0,0,0,0,0,0,0,0,0,0,1,0,0,0,0,0,1,0,0,0,0,0,0,0,0,0,0,4524,4524,4524,0,0,0,0.992,0.992,0.992,0.802,0.897,0.75,0.976,0.982,0.997,0.606,0.913,0.616,0.996,1.176,6.874,0,0,0,0,0,0,0,0,1,0,0,0
chr10,99836239,99836239,T,A,0,10,0,0,0,0,0,0,0,0,0,0,0,0,1,0,0,0,0,0,0,0,0,0,0,0,0,0,1,0,0,0,0,0,1,0,0,0,0,0,0,0,0,0,0,4545,4545,4545,0.96,0.96,0.96,0.003,0.003,0.003,0.001,0.004,0.006,0,0,0,-1.048,-0.604,-0.197,-0.949,-1.416,-2.722,0,0,0,0,0,0,0,0,0,1,0,0
chr10,99842084,99842084,T,G,1,10,0,0,0,0,0,0,0,0,0,0,0,0,1,0,0,0,0,0,0,0,0,0,0,0,0,0,1,1,0,0,0,1,0,0,0,0,0,0,0,0,0,0,1,3665,1626,2645.5,0.12,0.12,0.12,0.727,0.727,0.727,0.992,0.997,0.997,0.997,0.994,0.004,-0.141,0.051,-0.122,-0.217,-0.557,-1.266,0,0,0,0,0,0,0,0,0,0,0,1
chr10,99844350,99844350,C,T,0,10,0,0,0,0,0,0,0,0,0,0,0,0,1,0,0,0,0,0,0,0,0,0,0,0,0,0,1,0,0,0,0,1,1,0,0,0,0,0,0,0,0,0,1,1399,453,926,0,0,0,0.927,0.927,0.927,0.862,0.73,0.711,0.331,0.176,0.997,0.575,0.868,0.597,0.934,1.026,4.913,0,0,0,0,0,1,0,0,0,0,0,0
chr10,102834967,102834967,C,T,0,10,0,0,0,0,0,0,0,0,0,0,0,0,1,0,0,0,0,0,0,0,0,0,0,0,0,0,1,1,0,0,0,1,1,0,0,0,0,0,1,0,0,0,0,3264,451,1668.2,0.14,0.03,0.114,0.985,0.049,0.3444,0.016,0.001,0.005,0.004,0.005,0.911,0.575,-0.041,0.599,0.935,1.026,3.446,0,0,0,0,0,1,0,0,0,0,0,0
chr11,64591780,64591780,T,C,1,11,0,0,0,0,0,0,0,0,0,0,0,0,1,0,0,0,0,0,0,0,0,0,0,0,1,0,0,0,0,0,0,0,0,0,0,0,0,0,0,0,0,0,0,0,0,0,0,0,0,0.862,0.078,0.414,0.024,0.252,0.006,0.051,0.13,0.001,0.669,0.991,0.609,0.913,1.047,1.176,0,0,0,0,0,0,0,0,0,0,1,0
chr11,64598892,64598892,C,A,1,11,0,0,0,0,0,0,0,0,0,0,0,0,1,0,0,0,0,0,0,0,0,0,0,0,0,0,0,0,0,0,0,0,0,0,0,0,0,0,0,0,0,0,0,0,0,0,0.49,0.13,0.276666667,0.994,0.156,0.435333333,0.027,0.006,0.054,0.038,0.029,0,0.575,-0.048,0.599,-0.019,0.048,-0.51,0,0,0,1,0,0,0,0,0,0,0,0
chr11,64600381,64600381,C,T,1,11,0,0,0,0,0,0,0,0,0,0,0,0,1,0,0,0,0,0,0,0,0,0,0,0,0,0,0,0,0,0,0,0,0,0,0,0,0,0,0,0,0,0,0,0,0,0,0.14,0.09,0.118888889,0.993,0.146,0.466555556,0.214,0.229,0.016,0.069,0.096,0,0.575,0.871,-0.194,0.005,0.127,-0.628,0,0,0,0,0,1,0,0,0,0,0,0
chr11,64600382,64600382,G,A,0,11,0,0,0,0,0,0,0,0,0,0,0,0,1,0,0,0,0,0,0,0,0,0,0,0,0,0,0,0,0,0,0,0,0,0,0,0,0,0,0,0,0,0,0,0,0,0,0.09,0.01,0.045555556,0.991,0.146,0.502777778,0.245,0.237,0.042,0.163,0.189,0.026,0.606,0.917,0.672,0.949,1.172,2.057,0,0,0,0,0,0,1,0,0,0,0,0
chr11,67585218,67585218,A,G,0,11,0,0,0,0,0,0,0,0,0,0,0,0,1,0,0,0,0,0,0,0,0,0,0,0,0,1,1,0,1,0,0,1,1,0,0,0,0,0,1,0,0,0,1,886,154,520,0.94,0.94,0.94,0.001,0.001,0.001,0.492,0.055,0.002,0.009,0,0,-0.718,-2.114,-1.87,-0.811,-3.135,-1.459,0,1,0,0,0,0,0,0,0,0,0,0
chr12,21176805,21176805,A,G,0,12,0,0,0,0,0,0,0,0,0,0,0,0,1,0,0,0,0,0,0,0,0,0,0,0,0,0,0,0,0,0,0,0,0,0,0,0,0,0,0,0,0,0,0,0,0,0,0.35,0.35,0.35,0.001,0.001,0.001,0.004,0.001,0.032,0,0,0,-0.102,0.09,0.56,0.121,-0.178,0.031,0,1,0,0,0,0,0,0,0,0,0,0
chr12,21178615,21178615,T,C,1,12,0,0,0,0,0,0,0,0,0,0,0,0,1,0,0,0,0,0,0,0,0,0,0,0,0,0,0,0,0,0,0,0,0,0,0,0,0,0,0,0,0,0,0,0,0,0,0,0,0,0.996,0.996,0.996,0.53,0.202,0.36,0.046,0.014,1,0.669,0.991,0.496,0.915,1.024,7.58,0,0,0,0,0,0,0,0,0,0,1,0
chr13,103052694,103052694,G,T,0,13,0,0,0,0,0,0,0,0,0,0,0,0,1,0,0,0,0,0,0,0,0,0,0,0,0,0,0,0,0,0,0,0,0,0,0,0,0,0,0,0,0,0,0,0,0,0,0.48,0.48,0.48,0.009,0.009,0.009,0.374,0.978,0.127,0.856,0.88,0.753,-0.331,0.005,-0.175,0.067,0.128,1.261,0,0,0,0,0,0,0,0,1,0,0,0
chr13,103058285,103058285,G,A,0,13,0,0,0,0,0,0,0,0,0,0,0,0,1,0,0,0,0,0,0,0,0,0,0,0,0,0,0,0,0,0,0,0,0,0,0,0,0,0,0,0,0,0,0,0,0,0,0.34,0.34,0.34,0.009,0.009,0.009,0.041,0.741,0.617,0.201,0.085,0,-0.238,0.033,-0.834,-1.139,-1.624,-0.839,0,0,0,0,0,0,1,0,0,0,0,0
chr13,103058329,103058329,G,A,1,13,0,0,0,0,0,0,0,0,0,0,0,0,1,0,0,0,0,0,0,0,0,0,0,0,0,0,0,0,0,0,0,0,0,0,0,0,0,0,0,0,0,0,0,0,0,0,0.02,0.02,0.02,0.902,0.902,0.902,0.757,0.99,0.946,0.857,0.465,1,0.575,0.871,0.599,0.935,1.026,7.752,0,0,0,0,0,0,1,0,0,0,0,0
chr13,103065958,103065958,G,A,0,13,0,0,0,0,0,0,0,0,0,0,0,0,1,0,0,0,0,0,0,0,0,0,0,0,0,0,0,0,0,0,0,0,0,0,0,0,0,0,1,0,0,0,0,0,0,0,0.12,0.12,0.12,0.108,0.108,0.108,0.013,0.339,0.877,0.691,0.969,0.969,0.575,0.871,0.599,0.935,1.026,2.365,0,0,0,0,0,0,1,0,0,0,0,0
chr15,74749801,74749801,C,G,0,15,0,0,0,0,0,0,0,0,0,0,0,0,1,0,0,0,0,0,0,0,0,0,0,0,0,0,0,0,0,0,0,0,0,0,0,0,0,0,0,0,0,0,0,0,0,0,0.05,0.05,0.05,0.999,0.999,0.999,0.523,0.996,0.495,0.888,0.597,1,0.575,0.871,0.599,0.935,1.002,1.912,0,0,0,0,1,0,0,0,0,0,0,0
chr15,74749863,74749863,C,G,1,15,0,0,0,0,0,0,0,0,0,0,0,0,1,0,0,0,0,0,0,0,0,0,0,0,0,0,0,0,0,0,0,0,0,0,0,0,0,0,0,0,0,0,0,0,0,0,0.01,0.01,0.01,0.984,0.984,0.984,0.339,0.884,0.599,0.454,0.568,0.9,0.575,0.871,0.599,0.935,1.002,2.403,0,0,0,0,1,0,0,0,0,0,0,0
chr15,74749986,74749986,C,T,0,15,0,0,0,0,0,0,0,0,0,0,0,0,1,0,0,0,0,0,0,0,0,0,0,0,0,0,0,0,0,0,0,0,0,0,0,0,0,0,0,0,0,0,0,0,0,0,0.02,0.02,0.02,0,0,0,0.945,0.921,0.646,0.867,0.778,0.058,0.575,0.871,-0.173,0.068,0.112,1.678,0,0,0,0,0,1,0,0,0,0,0,0
chr15,74750240,74750240,G,C,0,15,0,0,0,0,0,0,0,0,0,0,0,0,1,0,0,0,0,0,0,0,0,0,0,0,0,0,0,0,0,0,0,0,0,0,0,0,0,0,0,0,0,0,0,0,0,0,0.02,0.02,0.02,0.927,0.927,0.927,0.902,0.961,0.94,0.938,0.988,1,0.606,0.917,0.676,1.048,1.148,9.74,0,0,0,0,0,0,0,1,0,0,0,0
chr15,74750296,74750296,C,A,1,15,0,0,0,0,0,0,0,0,0,0,0,0,1,0,0,0,0,0,0,0,0,0,0,0,0,0,0,0,0,0,0,0,0,0,0,0,0,0,0,0,0,0,0,0,0,0,0.06,0.06,0.06,0,0,0,0.015,0.094,0.006,0.002,0.001,0,-0.31,-0.275,-1.97,-1.948,-1.678,-2.657,0,0,0,1,0,0,0,0,0,0,0,0
chr15,74750372,74750372,A,T,0,15,0,0,0,0,0,0,0,0,0,0,0,0,1,0,0,0,0,0,0,0,0,0,0,0,0,0,0,0,0,0,0,0,0,0,0,0,0,0,0,0,0,0,0,0,0,0,0,0,0,0.449,0.449,0.449,0.005,0.001,0,0,0,0,-0.152,1.062,-0.872,-0.236,-0.748,-0.665,0,0,1,0,0,0,0,0,0,0,0,0
chr15,74751252,74751252,G,A,0,15,0,0,0,0,0,0,0,0,0,0,0,0,1,0,0,0,0,0,0,0,0,0,0,0,0,0,0,0,0,0,0,0,0,0,0,0,0,0,0,0,0,0,0,0,0,0,0.39,0.39,0.39,0.026,0.026,0.026,0.003,0,0.001,0.001,0,0,0.606,0.069,0.676,1.048,0.204,0.427,0,0,0,0,0,0,1,0,0,0,0,0
chr15,74751854,74751854,G,A,0,15,0,0,0,0,0,0,0,0,0,0,0,0,1,0,0,1,0,0,0,0,0,0,0,0,0,0,0,0,0,0,0,0,0,0,0,0,0,0,0,0,0,0,0,0,0,0,0.02,0.02,0.02,0.044,0.044,0.044,0.888,0.961,0.18,0.819,0.82,1,0.606,0.913,0.674,1.047,1.148,4.964,0,0,0,0,0,0,1,0,0,0,0,0
chr15,74752211,74752211,G,A,1,15,0,0,0,0,0,0,0,0,0,0,0,0,1,0,0,0,0,0,0,0,0,0,0,0,0,0,0,0,0,0,0,0,0,0,0,0,0,0,0,0,0,0,0,0,0,0,0.02,0.02,0.02,0.968,0.968,0.968,0.864,0.997,0.967,0.981,0.967,1,0.606,0.913,0.674,1.047,1.148,9.736,0,0,0,0,0,0,1,0,0,0,0,0
chr15,74752237,74752237,A,T,1,15,0,0,0,0,0,0,0,0,0,0,0,0,1,0,0,0,0,0,0,0,0,0,0,0,0,0,0,0,0,0,0,0,0,0,0,0,0,0,0,0,0,0,0,0,0,0,0,0,0,0.811,0.811,0.811,0.995,1,0.783,1,0.997,1,0.714,1.058,0.736,1.181,1.27,7.278,0,0,1,0,0,0,0,0,0,0,0,0
chr15,74753201,74753201,C,T,0,15,0,0,0,0,0,0,0,0,0,0,0,0,1,0,0,0,0,0,0,0,0,0,0,0,0,0,0,0,0,0,0,0,0,0,0,0,0,0,0,0,0,0,0,0,0,0,0.05,0.05,0.05,0.712,0.712,0.712,0.754,0.773,0,0,0,0,-0.33,0.871,-0.845,-0.99,-0.287,0.131,0,0,0,0,0,1,0,0,0,0,0,0
chr15,74753234,74753234,G,A,0,15,0,0,0,0,0,0,0,0,0,0,0,0,1,0,0,0,0,0,0,0,0,0,0,0,0,0,0,0,0,0,0,0,0,0,0,0,0,0,0,0,0,0,0,0,0,0,0.01,0.01,0.01,0.055,0.055,0.055,0.141,0.908,0.015,0.005,0.092,1,0.606,0.917,-0.135,0.127,0.193,5.672,0,0,0,0,0,0,1,0,0,0,0,0
chr15,74754828,74754828,C,T,1,15,0,0,0,0,0,0,0,0,0,0,0,0,1,0,0,0,0,0,0,0,0,0,0,0,0,0,0,0,0,0,0,0,0,0,0,0,0,0,0,0,0,0,0,0,0,0,0,0,0,0,0,0,0.254,0.928,0,0.001,0.002,0.998,0.575,-0.058,-0.872,-0.356,-0.271,0.671,0,0,0,0,0,1,0,0,0,0,0,0
chr15,74754843,74754843,G,A,0,15,0,0,0,0,0,0,0,0,0,0,0,0,1,0,0,0,0,0,0,0,0,0,0,0,0,0,0,0,0,0,0,0,0,0,0,0,0,0,0,0,0,0,0,0,0,0,0.17,0.17,0.17,0,0,0,0,0.026,0,0,0,0.006,-1.056,-0.029,-0.832,-1.521,-1.667,0.24,0,0,0,0,0,0,1,0,0,0,0,0
chr15,74754850,74754850,C,T,0,15,0,0,0,0,0,0,0,0,0,0,0,0,1,0,0,0,0,0,0,0,0,0,0,0,0,0,0,0,0,0,0,0,0,0,0,0,0,0,0,0,0,0,0,0,0,0,0.02,0.02,0.02,0.375,0.375,0.375,0.005,0.067,0,0,0.001,0,0.575,0.871,-1.128,-0.434,0.038,-0.016,0,0,0,0,0,1,0,0,0,0,0,0
chr15,74754904,74754904,G,A,1,15,0,0,0,0,0,0,0,0,0,0,0,0,1,0,0,0,0,0,0,0,0,0,0,0,0,0,0,0,0,0,0,0,0,0,0,0,0,0,0,0,0,0,0,0,0,0,0.02,0.02,0.02,0.999,0.999,0.999,0.992,0.978,0.023,0.742,0.904,1,0.606,0.917,0.648,1.023,1.139,9.695,0,0,0,0,0,0,1,0,0,0,0,0
chr15,74755066,74755066,G,A,0,15,0,0,0,0,0,0,0,0,0,0,0,0,1,0,0,0,0,0,0,0,0,0,0,0,0,0,0,0,0,0,0,0,0,0,0,0,0,0,0,0,0,0,0,0,0,0,0.34,0.34,0.34,0.015,0.015,0.015,0.001,0.965,0.021,0.002,0,0,-0.29,0.917,-0.138,0.117,-0.195,-0.065,0,0,0,0,0,0,1,0,0,0,0,0
chr16,48167521,48167521,A,G,0,16,0,0,0,0,0,0,0,0,0,0,0,0,1,0,0,0,0,0,0,0,0,0,0,0,0,0,1,0,0,0,0,1,0,0,0,0,0,0,0,0,0,0,0,283,283,283,0.01,0.01,0.01,0,0,0,0.076,0.68,0.724,0.866,0.061,0.994,-1.291,-0.971,-0.196,-0.427,-1.476,2.675,0,1,0,0,0,0,0,0,0,0,0,0
chr16,48200416,48200416,G,A,0,16,0,0,0,0,0,0,0,0,0,0,0,0,1,0,0,0,0,0,0,0,0,0,0,0,0,0,1,0,0,0,0,1,0,0,0,0,0,0,0,0,0,0,0,2166,2166,2166,0,0,0,0.997,0.706,0.944615385,0.11,0.041,0.003,0.001,0,0.001,-0.31,-0.011,-0.837,-0.885,-0.248,-0.031,0,0,0,0,0,0,1,0,0,0,0,0
chr16,48208468,48208468,C,T,1,16,0,0,0,0,0,0,0,0,0,0,0,0,1,0,0,0,0,0,0,0,0,0,0,0,0,0,1,0,0,0,0,1,1,0,0,0,0,0,0,0,0,0,0,3899,885,2392,0,0,0,0.574,0.172,0.396923077,0.002,0.024,0.06,0.003,0.002,0.27,-0.163,-0.002,0.676,0.154,0.18,1.716,0,0,0,0,0,1,0,0,0,0,0,0
chr16,48216115,48216115,C,A,0,16,0,0,0,0,0,0,0,0,0,0,0,0,1,0,0,1,0,0,0,0,0,0,0,0,1,0,1,0,0,0,0,1,0,0,0,0,0,0,0,0,0,0,0,29,29,29,0,0,0,0,0,0,0.261,0.222,0.265,0.638,0.643,0.999,-0.845,-0.089,-0.11,0.044,0.002,1.407,0,0,0,1,0,0,0,0,0,0,0,0
chr16,48224287,48224287,G,A,1,16,0,0,0,0,0,0,0,0,0,0,0,0,1,0,0,0,0,0,0,0,0,0,0,0,0,0,1,0,0,0,0,1,1,0,0,0,0,0,0,0,0,1,0,580,61,320.5,0,0,0,0.992,0.975,0.976545455,0.077,0.1,0.401,0.389,0.145,0.99,0.575,0.824,0.549,0.892,1.026,4.133,0,0,0,0,0,0,1,0,0,0,0,0
chr16,48231866,48231866,G,A,0,16,0,0,0,0,0,0,0,0,0,0,0,0,1,0,0,0,0,0,0,0,0,0,0,0,0,0,1,0,0,0,0,0,0,0,0,0,0,0,1,0,0,1,0,0,0,0,0,0,0,0,0,0,0.201,0.029,0.663,0.726,0.836,0.952,-0.864,-0.93,-0.06,0.1,0.178,2.23,0,0,0,0,0,0,1,0,0,0,0,0
chr16,55819569,55819569,C,T,0,16,0,0,0,0,0,0,0,0,0,0,0,0,1,0,0,0,0,0,0,0,0,0,0,0,0,0,0,0,1,0,0,0,1,0,0,0,0,0,0,0,0,0,1,1860,435,1018.333333,0,0,0,0.901,0.55,0.700428571,0.598,0.143,0.698,0.843,0.69,0.999,0.606,0.917,0.651,1.027,1.138,5.045,0,0,0,0,0,1,0,0,0,0,0,0
chr16,55819633,55819633,G,T,0,16,0,0,0,0,0,0,0,0,0,0,0,0,1,0,0,0,0,0,0,0,0,0,0,0,0,0,0,0,0,0,0,1,1,0,0,0,0,0,0,0,0,0,1,1796,53,729,0.03,0.03,0.03,0.361,0.246,0.322666667,0.031,0.015,0.009,0.014,0.026,1,0.575,0.033,0.578,0.917,1.005,2.746,0,0,0,0,0,0,0,0,1,0,0,0
chr16,55821399,55821399,A,G,1,16,0,0,0,0,0,0,0,0,0,0,0,0,1,0,0,0,0,0,0,0,0,0,0,0,0,0,1,0,0,0,0,1,1,0,0,0,0,0,0,0,0,0,1,1819,30,924.5,0.02,0.02,0.02,0.393,0.23,0.321333333,0.996,0.996,0.998,1,0.996,1,0.601,0.991,0.641,1.04,1.104,1.529,0,1,0,0,0,0,0,0,0,0,0,0
chr16,55821462,55821462,G,A,0,16,0,0,0,0,0,0,0,0,0,0,0,0,1,0,0,0,0,0,0,0,0,0,0,0,0,0,1,0,0,0,0,1,0,0,0,0,0,0,0,0,0,0,1,1882,1882,1882,0.04,0.04,0.04,0.858,0.806,0.823333333,0.975,0.129,0.627,0.491,0.016,0,-0.402,-1.376,-1.722,-1.66,-3.175,-1.589,0,0,0,0,0,0,1,0,0,0,0,0
chr16,55823568,55823568,G,A,0,16,0,0,0,0,0,0,0,0,0,0,0,0,1,0,0,0,0,0,0,0,0,0,0,0,0,0,1,0,0,0,0,1,0,0,0,0,0,0,0,0,0,0,1,3988,3988,3988,0,0,0,0.99,0.983,0.987666667,0.995,0.999,0.703,0.975,0.986,1,0.517,0.871,0.581,0.92,0.979,7.547,0,0,0,0,0,0,1,0,0,0,0,0
chr16,55823575,55823575,C,T,1,16,0,0,0,0,0,0,0,0,0,0,0,0,1,0,0,0,0,0,0,0,0,0,0,0,0,0,1,0,0,0,0,1,0,0,0,0,0,0,0,0,0,0,1,3995,3995,3995,0.03,0.03,0.03,0,0,0,0.991,1,0.391,0.814,0.868,1,0.543,0.917,0.656,1.03,1.12,2.622,0,0,0,0,0,1,0,0,0,0,0,0
chr16,55823580,55823580,A,C,1,16,0,0,0,0,0,0,0,0,0,0,0,0,1,0,0,0,0,0,0,0,0,0,0,0,0,0,1,0,0,0,0,1,0,0,0,0,0,0,0,0,0,0,1,4000,4000,4000,0.01,0.01,0.01,0.734,0.615,0.694333333,0.992,0.998,0.656,0.965,0.941,1,0.601,0.991,0.645,1.043,1.085,7.652,1,0,0,0,0,0,0,0,0,0,0,0
chr16,55823613,55823613,C,T,0,16,0,0,0,0,0,0,0,0,0,0,0,0,1,0,0,0,0,0,0,0,0,0,0,0,0,0,1,0,0,0,0,1,0,0,0,0,0,0,0,0,0,0,1,4033,4033,4033,0,0,0,0.699,0.518,0.622,0.986,0.952,0.703,0.996,0.756,1,0.543,0.917,0.656,1.03,1.12,6.387,0,0,0,0,0,1,0,0,0,0,0,0
chr16,55823647,55823647,G,T,1,16,0,0,0,0,0,0,0,0,0,0,0,0,1,0,0,0,0,0,0,0,0,0,0,0,0,0,1,0,0,0,0,1,0,0,0,0,0,0,0,0,0,0,1,4067,4067,4067,0.02,0.02,0.02,0.991,0.984,0.988666667,0.353,0.04,0.005,0.012,0.01,1,0.517,0.871,0.581,0.92,0.979,7.547,0,0,0,0,0,0,0,0,1,0,0,0
chr16,55823661,55823661,G,A,1,16,0,0,0,0,0,0,0,0,0,0,0,0,1,0,0,0,0,0,0,0,0,0,0,0,0,0,1,0,0,0,0,1,0,0,0,0,0,0,0,0,0,0,1,4081,4081,4081,0,0,0,0.998,0.994,0.996,0.668,0.799,0.03,0.13,0.274,1,0.517,0.871,0.581,0.92,0.979,7.547,0,0,0,0,0,0,1,0,0,0,0,0
chr16,55828800,55828800,G,A,0,16,0,0,0,0,0,0,0,0,0,0,0,0,1,0,0,0,0,0,0,0,0,0,0,0,0,0,0,1,0,1,0,1,0,0,0,0,0,0,0,0,0,0,0,625,625,625,0.09,0.09,0.09,0.769,0.658,0.732,0.994,0.975,0.269,0.86,0.485,0,0.517,-0.275,-0.202,-0.352,-0.282,-0.453,0,0,0,0,0,0,1,0,0,0,0,0
chr17,19560278,19560278,G,A,1,17,0,0,0,0,0,0,0,0,0,0,0,0,1,0,0,0,0,0,0,0,0,0,0,0,0,0,1,1,0,1,0,0,1,0,0,0,0,0,1,0,0,0,0,4969,17,2325.2,0.11,0.06,0.09,0.108,0.012,0.0612,0.001,0.335,0.002,0.001,0.001,0,-0.163,-0.002,0.676,0.154,0.167,0.246,0,0,0,0,0,0,1,0,0,0,0,0
chr17,19577330,19577330,G,T,0,17,0,0,0,0,0,0,0,0,0,0,0,0,1,0,0,0,0,0,0,0,0,1,0,0,0,0,1,1,0,1,0,1,1,0,0,0,0,0,0,0,0,0,1,4786,2613,3538.75,0.71,0.01,0.15,0.342,0.001,0.0902,0.003,0.01,0.664,0.08,0.008,0,0.606,0.032,0.676,1.048,1.176,0.047,0,0,0,0,0,0,0,0,1,0,0,0
chr17,19707800,19707800,G,A,0,17,0,0,0,0,0,0,0,0,0,0,0,0,1,0,0,0,0,0,0,0,0,0,0,0,0,1,1,0,1,0,0,0,0,0,0,0,0,0,0,0,0,0,0,0,0,0,0.03,0.02,0.026666667,0.486,0.003,0.293333333,0.001,0.058,0.065,0.007,0.001,0,-0.854,-0.047,-0.279,-0.867,-1.335,-0.609,0,0,0,0,0,0,1,0,0,0,0,0
chr17,19712704,19712704,C,T,1,17,0,0,0,0,0,0,0,0,0,0,0,0,1,0,0,1,0,0,0,0,0,0,0,0,0,0,1,0,1,0,0,1,1,0,0,0,0,0,0,0,0,0,0,3020,1642,2135,0.03,0.01,0.021428571,0.993,0.812,0.965428571,0.02,0.057,0.237,0.035,0.005,1,0.414,0.697,-0.294,-0.204,0.036,4.902,0,0,0,0,0,1,0,0,0,0,0,0
chr17,39668501,39668501,A,G,0,17,0,0,0,0,0,0,0,0,0,0,0,0,1,0,0,0,0,0,0,0,0,0,0,0,0,0,0,1,0,1,0,1,1,0,0,0,0,0,1,0,0,0,1,4674,115,3287.0625,0.62,0.59,0.6,0.003,0.003,0.003,0.002,0,0.008,0.001,0.001,0,-0.917,-1.547,-0.366,-0.073,0.045,0.522,0,1,0,0,0,0,0,0,0,0,0,0
chr17,39669760,39669760,C,T,0,17,0,0,0,0,0,0,0,0,0,0,0,0,1,0,0,0,0,0,0,0,0,0,0,0,0,0,1,0,0,0,0,0,1,0,0,0,0,0,0,0,0,0,1,4181,1362,2196.571429,0.09,0.08,0.086,0.921,0.921,0.921,0.917,0.993,0.96,0.998,0.999,0.082,0.575,-0.064,0.549,0.892,1.026,0.228,0,0,0,0,0,1,0,0,0,0,0,0
chr17,39670063,39670063,G,A,0,17,0,0,0,0,0,0,0,0,0,0,0,0,1,0,0,0,0,0,0,0,0,0,0,0,0,1,1,0,0,0,0,0,1,0,0,0,0,0,0,0,0,0,1,3878,1059,1980.142857,0.02,0.01,0.015,0.013,0.013,0.013,0.869,0.54,0.047,0.367,0.628,1,0.606,0.069,0.614,0.994,1.172,5.412,0,0,0,0,0,0,1,0,0,0,0,0
chr19,40843827,40843827,G,T,1,19,0,0,0,0,0,0,0,0,0,0,0,0,1,0,0,0,0,0,0,0,0,0,0,0,0,0,1,0,0,0,0,0,1,0,0,1,0,0,1,0,0,0,0,2202,1095,1695,0.07,0.07,0.07,0.003,0.003,0.003,0.215,0.004,0.591,0.214,0.152,0,-1.122,-0.799,-0.559,-0.923,-1.039,-2.241,0,0,0,0,0,0,0,0,1,0,0,0
chr19,40843845,40843845,G,T,1,19,0,0,0,0,0,0,0,0,0,0,0,0,1,0,0,0,0,0,0,0,0,0,0,0,0,0,1,0,0,0,0,0,1,0,0,1,0,0,1,0,0,0,0,2184,1077,1689,0,0,0,0.753,0.753,0.753,0.019,0.013,0.653,0.023,0.053,0.001,0.517,0.853,0.399,0.68,0.919,0.929,0,0,0,0,0,0,0,0,1,0,0,0
chr19,40843854,40843854,A,G,0,19,0,0,0,0,0,0,0,0,0,0,0,0,1,0,0,0,0,0,0,0,0,0,0,0,0,0,1,0,0,0,0,0,1,0,0,1,0,0,1,0,0,0,0,2175,1068,1686,0.2,0.2,0.2,0.041,0.041,0.041,0.003,0,0.598,0.039,0.035,0,-0.428,-1.584,0.44,-0.123,-0.907,-0.402,0,1,0,0,0,0,0,0,0,0,0,0
chr19,40843869,40843869,T,C,1,19,0,0,0,0,0,0,0,0,0,0,0,0,1,0,0,0,0,0,0,0,0,0,0,0,0,0,1,0,0,0,0,0,1,0,0,1,0,0,1,0,0,0,0,2160,1053,1681,0.02,0.02,0.02,0.684,0.684,0.684,0.006,0.001,0.171,0.02,0.05,0.278,0.64,1.039,0.496,0.861,1.171,4.84,0,0,0,0,0,0,0,0,0,0,1,0
chr19,40843896,40843896,T,C,1,19,0,0,0,0,0,0,0,0,0,0,0,0,1,0,0,0,0,0,0,0,0,0,0,0,0,0,1,0,0,0,0,0,1,0,0,1,0,0,1,0,0,0,0,2133,1026,1672,0,0,0,0.057,0.057,0.057,0.726,0.034,0.056,0.362,0.899,0.929,0.64,1.039,0.496,0.861,1.171,8.465,0,0,0,0,0,0,0,0,0,0,1,0
chr19,40845362,40845362,G,A,1,19,0,0,0,0,0,0,0,0,0,0,0,0,1,0,0,0,0,0,0,0,0,0,0,0,0,0,1,0,0,0,0,1,1,0,0,0,0,0,0,0,0,0,0,3323,510,1500,0,0,0,0,0,0,0.007,0.001,0.016,0.001,0,0,-1.329,-1.357,-1.701,-1.896,-2.842,-1.16,0,0,0,0,0,0,1,0,0,0,0,0
chr19,40845404,40845404,A,G,1,19,0,0,0,0,0,0,0,0,0,0,0,0,1,0,0,0,0,0,0,0,0,0,0,0,0,0,1,0,0,0,0,1,1,0,0,0,0,0,0,0,0,0,0,3365,552,1514,0,0,0,0.999,0.999,0.999,0.414,0.91,0.87,0.943,0.504,1,0.64,1.039,0.496,0.861,1.175,8.561,0,1,0,0,0,0,0,0,0,0,0,0
chr19,40846021,40846021,C,T,1,19,0,0,0,0,0,0,0,0,0,0,0,0,1,0,0,0,0,0,0,0,0,0,0,0,0,0,1,0,0,0,0,1,1,0,0,0,0,0,0,0,0,0,0,3982,8,1719.666667,0,0,0,0.987,0.987,0.987,0.747,0.008,0.057,0.057,0.023,0.973,0.543,0.897,0.446,0.757,1.051,3.905,0,0,0,0,0,1,0,0,0,0,0,0
chr19,40846903,40846903,T,C,1,19,0,0,0,0,0,0,0,0,0,0,0,0,1,0,0,0,0,0,0,0,0,0,0,0,0,1,1,0,1,0,0,1,1,0,0,0,0,0,0,0,0,0,0,4864,2051,3457.5,0,0,0,0.999,0.999,0.999,0.991,0.882,0.985,0.994,0.996,1,0.64,1.039,0.496,0.861,1.171,5.461,0,0,0,0,0,0,0,0,0,0,1,0
chr19,40846912,40846912,G,A,1,19,0,0,0,0,0,0,0,0,0,0,0,0,1,0,0,0,0,0,0,0,0,0,0,0,0,1,1,0,1,0,0,1,1,0,0,0,0,0,0,0,0,0,0,4873,2060,3466.5,0,0,0,0.942,0.942,0.942,0.958,0.426,0.959,0.983,0.913,0.294,0.517,0.853,0.399,0.68,0.919,1.627,0,0,0,0,0,0,1,0,0,0,0,0
chr19,40847036,40847036,T,C,1,19,0,0,0,0,0,0,0,0,0,0,0,0,1,0,0,0,0,0,0,0,0,0,0,0,0,1,1,0,1,0,0,1,1,0,0,0,0,0,0,0,0,0,0,4997,2184,3590.5,0.44,0.44,0.44,0.01,0.01,0.01,0.887,0.139,0.604,0.84,0.575,0,-0.206,0.07,-0.355,-0.459,-0.53,-0.097,0,0,0,0,0,0,0,0,0,0,1,0
chr19,40848266,40848266,C,A,0,19,0,0,0,0,0,0,0,0,0,0,0,0,1,0,0,0,0,0,0,0,0,0,0,0,0,1,1,0,1,0,0,1,0,0,0,0,0,0,0,0,0,0,0,3414,3414,3414,0.08,0.08,0.08,0.37,0.37,0.37,0.056,0.616,0.005,0.126,0.379,0,-0.81,0.604,-1.899,-1.179,-0.812,-1.203,0,0,0,1,0,0,0,0,0,0,0,0
chr19,40848266,40848266,C,T,0,19,0,0,0,0,0,0,0,0,0,0,0,0,1,0,0,0,0,0,0,0,0,0,0,0,0,1,1,0,1,0,0,1,0,0,0,0,0,0,0,0,0,0,0,3414,3414,3414,0.44,0.44,0.44,0.056,0.056,0.056,0.056,0.616,0.005,0.126,0.379,0,-0.81,0.604,-1.899,-1.179,-0.812,-1.203,0,0,0,0,0,1,0,0,0,0,0,0
chr19,40848293,40848293,A,G,0,19,0,0,0,0,0,0,0,0,0,0,0,0,1,0,0,0,0,0,0,0,0,0,0,0,0,1,1,0,1,0,0,1,0,0,0,0,0,0,0,0,0,0,0,3441,3441,3441,0.08,0.08,0.08,0.001,0.001,0.001,0.991,0.997,0.08,0.954,0.802,0.01,-0.566,-0.072,-0.609,-0.151,0.049,0.526,0,1,0,0,0,0,0,0,0,0,0,0
chr19,40849959,40849959,G,A,1,19,0,0,0,0,0,0,0,0,0,0,0,0,1,0,0,0,0,0,0,0,0,0,0,0,0,1,0,1,1,1,0,0,0,0,0,0,0,0,0,0,0,0,0,0,0,0,0.03,0.03,0.03,0.2,0.2,0.2,0.594,0.113,0.002,0.003,0.029,0.222,0.517,0.02,-0.716,-0.203,0.06,0.838,0,0,0,0,0,0,1,0,0,0,0,0
chr19,40850341,40850341,G,A,0,19,0,0,0,0,0,0,0,0,0,0,0,0,1,0,0,0,0,0,0,0,0,0,0,0,0,0,1,0,1,0,0,0,0,0,0,0,0,0,0,0,0,0,0,0,0,0,0.27,0.19,0.216666667,0.025,0.001,0.017,0.478,0.002,0.018,0.013,0.007,0,-0.995,-0.763,0.275,-0.293,-0.309,-1.232,0,0,0,0,0,0,1,0,0,0,0,0
chr19,40850411,40850411,A,C,0,19,0,0,0,0,0,0,0,0,0,0,0,0,1,0,0,0,0,0,0,0,0,0,0,0,0,0,1,0,1,0,0,0,0,0,0,0,0,0,0,0,0,0,0,0,0,0,0.45,0.14,0.346666667,0.007,0.007,0.007,0.347,0.68,0.026,0.303,0.371,0,-1.08,0.002,-0.673,-0.127,-0.78,-1.167,1,0,0,0,0,0,0,0,0,0,0,0
chr19,40850414,40850414,G,A,0,19,0,0,0,0,0,0,0,0,0,0,0,0,1,0,0,0,0,0,0,0,0,0,0,0,0,0,1,0,1,0,0,0,0,0,0,0,0,0,0,0,0,0,0,0,0,0,0.01,0.01,0.01,0.096,0.096,0.096,0.397,0.8,0.023,0.375,0.419,0.016,0.517,0.853,0.275,0.616,0.929,2.437,0,0,0,0,0,0,1,0,0,0,0,0
chr19,40991369,40991369,C,T,0,19,0,0,0,0,0,0,0,0,0,0,0,0,1,0,0,0,0,0,0,0,0,0,0,0,0,0,0,0,0,0,0,1,0,0,0,0,0,0,0,0,0,0,1,35,35,35,0.02,0.02,0.02,0.343,0.343,0.343,0,0,0,0,0,0.002,-1.5,-1.198,-1.309,-1.11,-0.573,-0.168,0,0,0,0,0,1,0,0,0,0,0,0
chr19,40991390,40991390,C,A,0,19,0,0,0,0,0,0,0,0,0,0,0,0,1,0,0,0,0,0,0,0,0,0,0,0,0,0,0,0,0,0,0,1,0,0,0,0,0,0,0,0,0,0,1,14,14,14,0.07,0.07,0.07,0.017,0.017,0.017,0.149,0.465,0.057,0.278,0.01,0,0.517,0.545,-0.236,-0.015,-0.236,-0.296,0,0,0,1,0,0,0,0,0,0,0,0
chr19,41004381,41004381,G,A,1,19,0,0,0,0,0,0,0,0,0,0,0,0,1,0,0,0,0,0,0,0,0,0,0,0,0,0,1,0,1,0,0,0,0,0,0,0,0,0,0,0,0,0,1,0,0,0,0.17,0.08,0.1175,0.416,0.024,0.143,0.998,0.999,0.996,0.999,0.997,0.001,0.543,0.866,0.618,0.902,1.151,1.156,0,0,0,0,0,0,1,0,0,0,0,0
chr19,41006936,41006936,G,T,0,19,0,0,0,0,0,0,0,0,0,0,0,0,1,0,0,0,0,0,0,0,0,0,0,0,0,0,1,1,1,0,0,1,0,0,0,0,0,0,0,0,0,0,1,2741,2741,2741,0.57,0.57,0.57,0,0,0,0.788,0.198,0.047,0.014,0.011,0,0.543,-2.592,-1.178,-1.709,-1.107,-0.968,0,0,0,0,0,0,0,0,1,0,0,0
chr19,41007013,41007013,T,C,1,19,0,0,0,0,0,0,0,0,0,0,0,0,1,0,0,0,0,0,0,0,0,0,0,0,0,0,1,1,1,0,0,1,0,0,0,0,0,0,0,0,0,0,1,2664,2664,2664,0,0,0,0.012,0.009,0.011,0.007,0.002,0.018,0.002,0.003,0.993,0.601,0.934,0.607,0.911,1.115,5.763,0,0,0,0,0,0,0,0,0,0,1,0
chr19,41009358,41009358,A,G,0,19,0,0,0,0,0,0,0,0,0,0,0,0,1,0,0,0,0,0,0,0,0,0,0,0,0,1,0,1,1,0,0,1,1,0,0,0,0,0,0,0,0,0,1,2183,319,1251,0,0,0,0,0,0,0.062,0.645,0.015,0.006,0.008,0.005,-0.521,-0.157,-0.941,-0.432,-0.115,0.784,0,1,0,0,0,0,0,0,0,0,0,0
chr19,41016726,41016726,A,G,0,19,0,0,0,0,0,0,0,0,0,0,0,0,1,0,0,0,0,0,0,0,0,0,0,0,0,1,1,0,1,0,0,0,0,0,0,0,0,0,1,0,0,0,1,0,0,0,0.36,0.3,0.32,0,0,0,0.598,0.588,0.172,0.621,0.003,0,-1.262,-2.395,-2.006,-2.321,-2.952,-2.479,0,1,0,0,0,0,0,0,0,0,0,0
chr19,41016805,41016805,A,T,0,19,0,0,0,0,0,0,0,0,0,0,0,0,1,0,0,0,0,0,0,0,0,0,0,0,0,1,1,0,1,0,0,0,0,0,0,0,0,0,1,0,0,0,1,0,0,0,0.03,0.02,0.026666667,0.795,0.073,0.554333333,0.288,0.027,0.431,0.307,0.15,0.752,0.64,1.003,0.645,1.1,1.294,2.398,0,0,1,0,0,0,0,0,0,0,0,0
chr19,41089050,41089050,G,A,1,19,0,0,0,0,0,0,0,0,0,0,0,0,1,0,0,0,0,0,0,0,0,0,0,0,0,0,0,0,0,0,0,0,0,0,0,0,0,0,0,0,0,0,0,0,0,0,0.01,0.01,0.01,0.991,0.991,0.991,0.913,0.941,0.009,0.027,0.193,0.974,0.412,0.826,-0.138,-0.009,0.145,5.991,0,0,0,0,0,0,1,0,0,0,0,0
chr19,41093765,41093765,G,T,1,19,0,0,0,0,0,0,0,0,0,0,0,0,1,0,0,0,0,0,0,0,0,0,0,0,0,0,0,0,0,0,0,0,0,0,0,0,0,0,0,0,0,0,0,0,0,0,0,0,0,0.031,0.031,0.031,0.46,0.817,0.304,0.963,0.998,0.823,0.412,-0.021,0.578,0.866,1.16,1.383,0,0,0,0,0,0,0,0,1,0,0,0
chr19,41095814,41095814,T,A,1,19,0,0,0,0,0,0,0,0,0,0,0,0,1,0,0,0,0,0,0,0,0,0,0,0,0,0,0,0,0,0,0,0,0,0,0,0,0,0,0,0,0,0,0,0,0,0,0,0,0,0.734,0.734,0.734,0.861,0.993,0.361,0.755,0.986,0.968,0.458,0.987,0.568,0.975,1.123,7.636,0,0,0,0,0,0,0,0,0,1,0,0
chr19,41095936,41095936,C,T,1,19,0,0,0,0,0,0,0,0,0,0,0,0,1,0,0,0,0,0,0,0,0,0,0,0,0,0,0,0,0,0,0,0,0,0,0,0,0,0,0,0,0,0,0,0,0,0,0,0,0,0,0,0,0.088,0.109,0.784,0.616,0.937,0.968,-0.918,-0.047,0.512,-0.03,0.065,2.29,0,0,0,0,0,1,0,0,0,0,0,0
chr20,54158096,54158096,C,T,1,20,0,0,0,1,0,0,0,0,0,0,0,0,0,0,0,0,0,0,0,0,0,0,0,0,0,0,0,0,0,0,0,1,1,0,0,0,0,0,0,0,0,0,0,4484,798,2641,0,0,0,0,0,0,0.892,0.97,0.985,0.886,0.942,1,0.714,1.062,0.756,1.199,1.312,8.617,0,0,0,0,0,1,0,0,0,0,0,0
chr20,54162743,54162743,G,A,1,20,0,0,0,1,0,0,0,0,0,0,0,0,0,0,0,0,0,0,0,0,0,0,0,0,0,0,1,0,0,0,0,0,0,0,0,0,0,0,0,0,0,0,0,0,0,0,0,0,0,0,0,0,0.984,0.993,0.555,0.964,0.975,1,0.575,0.871,0.599,0.935,1.026,7.164,0,0,0,0,0,0,1,0,0,0,0,0
chr20,54171644,54171644,G,A,1,20,0,0,0,0,0,0,0,0,0,0,0,0,1,0,0,0,0,0,0,0,0,0,0,0,0,0,0,0,0,0,0,0,1,0,0,0,0,0,1,0,0,0,0,1156,1156,1156,0,0,0,0.884,0.607,0.732909091,0.988,0.98,0.997,0.997,1,1,0.575,0.871,0.596,0.848,1.022,7.273,0,0,0,0,0,0,1,0,0,0,0,0
chr22,42126747,42126747,C,T,1,22,0,0,0,0,0,0,0,0,0,0,0,0,1,0,0,0,0,0,0,0,0,0,0,0,0,1,1,1,1,1,0,0,1,0,0,0,0,0,0,0,0,0,1,2185,1398,1774.153846,0,0,0,0.999,0.931,0.965,0.209,0.412,0.145,0.134,0.423,0.995,-0.534,-0.02,0.669,0.013,0.112,2.341,0,0,0,0,0,1,0,0,0,0,0,0
chr22,42126749,42126749,G,A,1,22,0,0,0,0,0,0,0,0,0,0,0,0,1,0,0,0,0,0,0,0,0,0,0,0,0,1,1,1,1,1,0,0,1,0,0,0,0,0,0,0,0,0,1,2187,1400,1776.153846,0,0,0,0.999,0.109,0.554,0.234,0.573,0.208,0.301,0.77,0.017,0.517,0.871,0.593,0.846,0.966,0.319,0,0,0,0,0,0,1,0,0,0,0,0
chr22,42126956,42126956,A,C,1,22,0,0,0,0,0,0,0,0,0,0,0,0,1,0,0,0,0,0,0,0,0,0,0,0,0,1,1,1,1,1,0,0,1,0,0,0,0,0,0,0,0,0,1,2394,1607,1983.153846,0,0,0,0.994,0.021,0.5075,0.484,0.706,0.706,0.321,0.515,0.999,0.601,0.899,0.663,0.967,0.987,1.161,1,0,0,0,0,0,0,0,0,0,0,0
chr22,42127515,42127515,T,C,1,22,0,0,0,0,0,0,0,0,0,0,0,0,1,0,0,0,0,0,0,0,0,0,0,0,0,1,1,1,1,1,0,1,1,0,0,0,0,0,0,0,0,0,1,4516,2166,2805.333333,0.12,0.09,0.105,0.333,0.026,0.1795,0.366,0.035,0.608,0.274,0.073,0.035,0.458,0.079,0.663,1.06,1.081,-0.181,0,0,0,0,0,0,0,0,0,0,1,0
chr22,42127619,42127619,A,C,1,22,0,0,0,0,0,0,0,0,0,0,0,0,1,0,0,0,0,0,0,0,0,0,0,0,0,1,1,1,1,1,0,1,1,0,0,0,0,0,0,0,0,0,1,4924,2270,3009.25,0.04,0.03,0.035,0.999,0.995,0.997,0.79,0.449,0.984,0.968,0.871,1,0.601,0.991,0.663,1.06,1.081,6.098,1,0,0,0,0,0,0,0,0,0,0,0
chr22,42127856,42127856,A,C,1,22,0,0,0,0,0,0,0,0,0,0,0,0,1,0,0,0,0,0,0,0,0,0,0,0,0,1,1,1,1,1,0,1,1,0,0,0,0,0,0,0,0,0,1,4687,2507,3157.375,0.01,0.01,0.01,0.066,0.051,0.0585,0.945,0.012,0.186,0.879,0.658,1,0.458,0.042,0.585,0.893,1.034,5.924,1,0,0,0,0,0,0,0,0,0,0,0
chr22,42127938,42127938,A,C,0,22,0,0,0,0,0,0,0,0,0,0,0,0,1,0,0,1,0,1,0,0,0,0,0,0,0,0,1,1,1,1,0,1,1,0,0,0,0,0,0,0,0,0,1,4605,2589,3208.625,0.12,0.09,0.105,0.001,0.001,0.001,0.568,0.002,0.089,0.072,0.031,0,-0.689,-0.604,-0.225,-0.99,-0.993,-5.957,1,0,0,0,0,0,0,0,0,0,0,0
chr22,42128308,42128308,G,T,0,22,0,0,0,0,0,0,0,0,0,0,0,0,1,0,0,0,0,0,0,0,0,0,0,0,0,0,1,1,1,1,0,1,1,0,0,0,0,0,0,0,0,0,1,4235,2959,3439.875,0.17,0.14,0.16,0.024,0.005,0.0134,0.04,0,0.003,0.005,0.006,0,0.517,-0.804,0.549,0.892,0.929,-0.594,0,0,0,0,0,0,0,0,1,0,0,0
chr22,42129033,42129033,G,A,1,22,0,0,0,1,0,0,0,0,0,0,0,0,0,0,0,1,0,0,0,0,0,0,0,0,0,0,1,1,1,1,0,1,1,0,0,0,0,0,0,0,0,0,1,4471,2998,3893,0,0,0,0,0,0,0.03,0.075,0.016,0.016,0.024,0,0.517,0.791,0.549,0.81,0.892,-0.155,0,0,0,0,0,0,1,0,0,0,0,0
chr22,42129071,42129071,A,C,1,22,0,0,0,0,0,0,0,0,0,0,0,0,1,0,0,0,0,0,0,0,0,0,0,0,0,0,1,1,1,1,0,1,1,0,0,0,0,0,0,0,0,0,1,4509,2960,3916.75,0,0,0,0.857,0.857,0.857,0.976,0.517,0.362,0.072,0.875,0.996,0.601,0.899,0.609,0.917,1.018,2.39,1,0,0,0,0,0,0,0,0,0,0,0
chr22,42129075,42129075,G,A,1,22,0,0,0,1,0,0,0,0,0,0,0,0,0,0,0,0,0,0,0,0,0,0,0,0,0,0,1,1,1,1,0,1,1,0,0,0,0,0,0,0,0,0,1,4513,2956,3919.25,0,0,0,0,0,0,0.974,0.458,0.414,0.053,0.89,0.009,0.517,0.033,0.549,0.81,0.919,0.295,0,0,0,0,0,0,1,0,0,0,0,0
chr22,42129821,42129821,C,T,0,22,0,0,0,0,0,0,0,0,0,0,0,0,1,0,0,0,0,0,0,0,0,0,0,0,0,0,1,1,1,1,0,1,1,0,0,0,0,0,0,0,0,0,1,4937,2210,4327.266667,0,0,0,0.986,0.916,0.9534,0.242,0.061,0.089,0.04,0.107,0.994,0.543,0.917,0.499,0.903,1.133,2.274,0,0,0,0,0,1,0,0,0,0,0,0
chr22,42129836,42129836,C,T,0,22,0,0,0,0,0,0,0,0,0,0,0,0,1,0,0,0,0,0,0,0,0,0,0,0,0,0,1,1,1,1,0,1,1,0,0,0,0,0,0,0,0,0,1,4952,2195,4336.266667,0.68,0.44,0.604,0.007,0.007,0.007,0.15,0,0.245,0.033,0.039,0,0.543,-0.681,-0.384,-0.527,-1.624,0.547,0,0,0,0,0,1,0,0,0,0,0,0
chr22,42130692,42130692,C,T,1,22,0,0,0,0,0,0,0,0,0,0,0,0,1,0,0,0,0,0,0,0,0,0,0,0,0,0,1,1,0,1,0,1,0,0,0,0,0,0,0,0,0,0,1,1851,783,1328,0,0,0,0.974,0.974,0.974,0.913,0.321,0.082,0.255,0.448,1,0.543,0.917,0.503,0.907,1.115,7.374,0,0,0,0,0,1,0,0,0,0,0,0
chr22,42130710,42130710,C,T,0,22,0,0,0,0,0,0,0,0,0,0,0,0,1,0,0,0,0,0,0,0,0,0,0,0,0,0,1,1,0,1,0,1,0,0,0,0,0,0,0,0,0,0,1,1833,801,1319,0.15,0.12,0.135,0.173,0.039,0.106,0.926,0.256,0.178,0.038,0.008,0,0.543,-0.044,-1.118,-0.389,-0.175,0.065,0,0,0,0,0,1,0,0,0,0,0,0
chr22,42130715,42130715,G,A,1,22,0,0,0,0,0,0,0,0,0,0,0,0,1,0,0,0,0,0,0,0,0,0,0,0,0,0,1,1,0,1,0,1,0,0,0,0,0,0,0,0,0,0,1,1828,806,1316.5,0,0,0,0.503,0.399,0.451,0.939,0.232,0.535,0.582,0.623,0.003,0.517,0.871,0.449,0.812,0.975,0.958,0,0,0,0,0,0,1,0,0,0,0,0
chr22,42130761,42130761,G,A,1,22,0,0,0,0,0,0,0,0,0,0,0,0,1,0,0,0,0,0,0,0,0,0,0,0,0,0,1,1,0,1,0,1,0,0,0,0,0,0,0,0,0,0,1,1782,852,1293.5,0.3,0.22,0.26,0,0,0,0.001,0.002,0.081,0.001,0.002,0,-1.441,-0.582,0.449,-0.519,-0.922,-4.724,0,0,0,0,0,0,1,0,0,0,0,0
