chr,Location1,Ref,Alter,transcript_ablation,splice_acceptor_variant,splice_donor_variant,stop_gained,frameshift_variant,stop_lost,start_lost,transcript_amplification,feature_elongation,feature_truncation,inframe_insertion,inframe_deletion,missense_variant,protein_altering_variant,splice_donor_5th_base_variant,splice_region_variant,splice_donor_region_variant,splice_polypyrimidine_tract_variant,incomplete_terminal_codon_variant,start_retained_variant,stop_retained_variant,synonymous_variant,coding_sequence_variant,mature_miRNA_variant,5_prime_UTR_variant,3_prime_UTR_variant,non_coding_transcript_exon_variant,intron_variant,NMD_transcript_variant,non_coding_transcript_variant,coding_transcript_variant,upstream_gene_variant,downstream_gene_variant,TFBS_ablation,TFBS_amplification,TF_binding_site_variant,regulatory_region_ablation,regulatory_region_amplification,regulatory_region_variant,intergenic_variant,sequence_variant,cds_end_NF,cds_start_NF,maxDis,minDis,meanDis,maxSIFT,minSIFT,meanSIFT,maxPolyPhen,minPolyPhen,mmeanPolyPhen,Con4,Con7,Con17,Con20,Con30,Con100,P4,P7,P17,P20,P30,P100,Label,A/C,A/G,A/T,C/A,C/G,C/T,G/A,G/C,G/T,T/A,T/C,T/G
1,97057448,G,A,0,0,0,0,0,0,0,0,0,0,0,0,0,0,0,0,0,0,0,0,0,0,0,0,0,0,0,0,0,0,0,0,0,0,0,0,0,0,0,1,0,0,0,0,0,0,0,0,0,0,0,0,0,0.234,0.078,0.077,0.008,0.092,0,0.15,0.345,0.341,-0.394,0.335,1,0,0,0,0,0,0,1,0,0,0,0,0
1,97073844,G,A,0,0,0,0,0,0,0,0,0,0,0,0,0,0,0,0,0,0,0,0,0,0,0,0,0,0,0,0,0,0,0,0,1,0,0,0,0,0,0,0,0,0,0,3899,3899,3899,0,0,0,0,0,0,0.039,0.358,0.09,0.047,0.114,0.004,0,0.15,0.52,0.516,-0.559,0.218,1,0,0,0,0,0,0,1,0,0,0,0,0
1,97077914,T,C,0,0,0,0,0,0,0,0,0,0,0,0,0,0,0,0,0,0,0,0,0,0,0,0,0,1,0,0,0,0,0,0,0,0,0,0,0,0,0,0,0,0,0,0,0,0,0,0,0,0,0,0,0.433,0.302,0.163,0.682,0.904,0.069,0.669,0.991,0.587,0.992,0.193,1.85,0,0,0,0,0,0,0,0,0,0,0,1,0
1,97078076,A,G,0,0,0,0,0,0,0,0,0,0,0,0,0,0,0,0,0,0,0,0,0,0,0,0,0,1,0,0,0,0,0,0,0,0,0,0,0,0,0,0,0,0,0,0,0,0,0,0,0,0,0,0,0.016,0.001,0.009,0.001,0.005,0,-1.352,0.09,0.691,-0.329,-0.174,0.316,0,0,1,0,0,0,0,0,0,0,0,0,0
1,97078196,G,A,0,0,0,0,0,0,0,0,0,0,0,0,0,0,0,0,0,0,0,0,0,0,0,0,0,1,0,0,0,0,0,0,0,0,0,0,0,0,0,0,0,0,0,0,0,0,0,0,0,0,0,0,0.001,0,0.001,0,0.005,0,-1.424,-0.23,-0.309,-0.924,0.144,-1.034,0,0,0,0,0,0,0,1,0,0,0,0,0
1,97078208,C,T,0,0,0,0,0,0,0,0,0,0,0,0,0,0,0,0,0,0,0,0,0,0,0,0,0,1,0,0,0,0,0,0,0,0,0,0,0,0,0,0,0,0,0,0,0,0,0,0,0,0,0,0,0.003,0.014,0.009,0.003,0.003,0.01,-0.2,0.008,0.529,0.038,0.127,0.145,0,0,0,0,0,0,1,0,0,0,0,0,0
1,97078702,A,G,0,0,0,0,0,0,0,0,0,0,0,0,0,0,0,0,0,0,0,0,0,0,0,0,0,1,0,0,0,0,0,0,0,0,0,0,0,0,0,0,0,0,0,0,0,0,0,0,0,0,0,0,0.301,0.277,0.722,0.405,0.093,0.256,-1.101,-0.707,-0.227,-0.25,-0.524,-0.087,0,0,1,0,0,0,0,0,0,0,0,0,0
1,97078987,G,T,0,0,0,0,0,0,0,0,0,0,0,0,1,0,0,0,0,0,0,0,0,0,0,0,0,0,0,0,0,0,0,0,0,0,0,0,0,0,0,0,0,0,0,0,0,0,0.01,0.01,0.01,0.241,0.241,0.241,0.962,0.995,0.274,0.281,0.456,1,0.606,0.917,-0.105,0.137,0.225,3.086,1,0,0,0,0,0,0,0,0,1,0,0,0
1,97078993,C,G,0,0,0,0,0,0,0,0,0,0,0,0,1,0,0,0,0,0,0,0,0,0,0,0,0,0,0,0,0,0,0,0,0,0,0,0,0,0,0,0,0,0,0,0,0,0,0.1,0.1,0.1,0.001,0.001,0.001,0.968,0.998,0.679,0.974,0.952,0.998,0.575,0.871,0.599,0.935,1.026,0.926,0,0,0,0,0,1,0,0,0,0,0,0,0
1,97079005,C,T,0,0,0,0,0,0,0,0,0,0,0,0,1,0,0,0,0,0,0,0,0,0,0,0,0,0,0,0,0,0,0,0,0,0,0,0,0,0,0,0,0,0,0,0,0,0,0.63,0.63,0.63,0.003,0.003,0.003,0.962,0.991,0.813,0.974,0.968,0.999,-1.119,-0.743,-0.644,-0.571,-0.433,0.503,0,0,0,0,0,0,1,0,0,0,0,0,0
1,97079071,C,A,0,0,0,0,0,0,0,0,0,0,0,0,1,0,0,0,0,0,0,0,0,0,0,0,0,0,0,0,0,0,0,0,0,0,0,0,0,0,0,0,0,0,0,0,0,0,0,0,0,0.999,0.999,0.999,0.994,0.997,0.985,0.993,0.982,1,0.575,0.871,0.599,0.935,1.026,7.84,1,0,0,0,1,0,0,0,0,0,0,0,0
1,97079076,A,C,0,0,0,0,0,0,0,0,0,0,0,0,1,0,0,0,0,0,0,0,0,0,0,0,0,0,0,0,0,0,0,0,0,0,0,0,0,0,0,0,0,0,0,0,0,0,0,0,0,0.374,0.374,0.374,0.996,1,0.997,1,1,1,0.714,1.062,0.756,1.199,1.312,9.246,0,1,0,0,0,0,0,0,0,0,0,0,0
1,97079077,G,A,0,0,0,0,0,0,0,0,0,0,0,0,1,0,0,0,0,0,0,0,0,0,0,0,0,0,0,0,0,0,0,0,0,0,0,0,0,0,0,0,0,0,0,0,0,0,0.02,0.02,0.02,0.007,0.007,0.007,0.995,1,0.998,1,1,1,0.606,0.917,0.676,1.048,1.176,4.834,0,0,0,0,0,0,0,1,0,0,0,0,0
1,97079106,G,A,0,0,0,0,0,0,0,0,0,0,0,0,1,0,0,0,0,0,0,0,0,0,0,0,0,0,0,0,0,0,0,0,0,0,0,0,0,0,0,0,0,0,0,0,0,0,0,0,0,0.11,0.11,0.11,0.36,0.683,0.101,0.015,0.021,0.994,-0.33,-0.743,0.676,0.079,0.169,3.082,1,0,0,0,0,0,0,1,0,0,0,0,0
1,97079121,T,C,0,0,0,0,0,0,0,0,0,0,0,0,1,0,0,0,0,0,0,0,0,0,0,0,0,0,0,0,0,0,0,0,0,0,0,0,0,0,0,0,0,0,0,0,0,0,0,0,0,0.994,0.994,0.994,0.715,1,0.995,0.997,1,1,0.669,0.991,0.665,1.061,1.138,7.951,1,0,0,0,0,0,0,0,0,0,0,1,0
1,97079133,T,A,0,0,0,0,0,0,0,0,0,0,0,0,1,0,0,0,0,0,0,0,0,0,0,0,0,0,0,0,0,0,0,0,0,0,0,0,0,0,0,0,0,0,0,0,0,0,0,0,0,0.947,0.947,0.947,0.975,1,0.995,0.999,0.999,1,0.669,0.991,0.665,1.061,1.138,6.208,0,0,0,0,0,0,0,0,0,0,1,0,0
1,97079139,T,C,0,0,0,0,0,0,0,0,0,0,0,0,1,0,0,0,0,0,0,0,0,0,0,0,0,0,0,0,0,0,0,0,0,0,0,0,0,0,0,0,0,0,0,0,0,0,0.31,0.31,0.31,0,0,0,0.994,0.999,0.996,0.999,0.998,0.977,0.669,0.073,-0.122,0.144,-0.15,0.469,0,0,0,0,0,0,0,0,0,0,0,1,0
1,97082365,T,C,0,0,0,0,0,0,0,0,0,0,0,0,1,0,0,0,0,0,0,0,0,0,0,0,0,0,0,0,0,0,0,0,0,0,0,0,0,0,0,0,0,0,0,0,0,0,0,0,0,0.999,0.999,0.999,0.952,0.997,0.994,0.996,0.979,1,0.669,0.991,0.66,1.057,1.135,7.819,1,0,0,0,0,0,0,0,0,0,0,1,0
1,97082391,T,A,0,0,0,0,0,0,0,0,0,0,0,0,1,0,0,0,0,0,0,0,0,0,0,0,0,0,0,0,0,0,0,0,0,0,0,0,0,0,0,0,0,0,0,0,0,0,0,0,0,0.947,0.947,0.947,0.936,0.998,0.583,0.883,0.963,1,0.669,0.991,0.66,1.057,1.135,7.819,1,0,0,0,0,0,0,0,0,0,1,0,0
1,97082415,A,G,0,0,0,0,0,0,0,0,0,0,0,0,1,0,0,0,0,0,0,0,0,0,0,0,0,0,0,0,0,0,0,0,0,0,0,0,0,0,0,0,0,0,0,0,0,0,0.2,0.2,0.2,0.003,0.003,0.003,0.056,0.767,0.006,0.007,0,0,0.714,1.062,-0.045,0.24,-0.389,-0.283,1,0,1,0,0,0,0,0,0,0,0,0,0
1,97098577,T,C,0,0,0,0,0,0,0,0,0,0,0,0,1,0,0,0,0,0,0,0,0,0,0,0,0,0,0,1,0,1,0,0,0,0,0,0,0,0,0,0,0,0,0,0,0,0,0.48,0.48,0.48,0,0,0,0.849,0.986,0.993,0.991,0.992,1,-0.141,0.054,0.605,0.107,0.198,2.164,1,0,0,0,0,0,0,0,0,0,0,1,0
1,97098598,C,T,0,0,0,0,0,0,0,0,0,0,0,0,1,0,0,0,0,0,0,0,0,0,0,0,0,0,0,1,0,1,0,0,0,0,0,0,0,0,0,0,0,0,0,0,0,0,0.01,0.01,0.01,0.84,0.84,0.84,0.998,0.998,0.99,0.999,0.981,1,0.575,0.871,0.545,0.888,1.022,3.845,0,0,0,0,0,0,1,0,0,0,0,0,0
1,97098599,G,A,0,0,0,0,0,0,0,0,0,0,0,0,1,0,0,0,0,0,0,0,0,0,0,0,0,0,0,1,0,1,0,0,0,0,0,0,0,0,0,0,0,0,0,0,0,0,0,0,0,0.583,0.583,0.583,0.997,0.999,0.985,0.997,0.949,1,0.606,0.917,0.614,0.994,1.172,4.978,0,0,0,0,0,0,0,1,0,0,0,0,0
1,97098616,C,A,0,0,0,0,0,0,0,0,0,0,0,0,1,0,0,0,0,0,0,0,0,0,0,0,0,0,0,1,0,1,0,0,0,0,0,0,0,0,0,0,0,0,0,0,0,0,0,0,0,0,0,0,0.998,0.999,0.999,1,1,1,0.575,0.871,0.545,0.888,1.022,5.436,1,0,0,0,1,0,0,0,0,0,0,0,0
1,97098632,T,G,0,0,0,0,0,0,0,0,0,0,0,0,1,0,0,1,0,0,0,0,0,0,0,0,0,0,0,1,0,1,0,0,0,0,0,0,0,0,0,0,0,0,0,0,0,0,0.22,0.22,0.22,0.236,0.236,0.236,0.999,1,0.998,1,1,1,0.669,0.991,0.605,1.007,1.134,5.51,0,0,0,0,0,0,0,0,0,0,0,0,1
1,97193109,T,C,0,0,0,0,0,0,0,0,0,0,0,0,1,0,0,0,0,0,0,0,0,0,0,0,0,0,0,1,0,1,0,0,0,0,0,1,0,0,1,0,0,0,0,0,0,0,0.08,0.08,0.08,0.019,0.019,0.019,0.995,1,0.995,1,1,1,0.669,0.991,0.665,1.061,1.138,4.986,1,0,0,0,0,0,0,0,0,0,0,1,0
1,97193209,C,T,0,0,0,0,0,0,0,0,0,0,0,0,1,0,0,0,0,0,0,0,0,0,0,0,0,0,0,1,0,1,0,0,0,0,0,0,0,0,0,0,0,0,0,0,0,0,0.03,0.03,0.03,0.029,0.029,0.029,0.992,0.964,0.981,0.885,0.92,0.984,0.575,-0.523,0.599,0.038,0.104,1.15,1,0,0,0,0,0,1,0,0,0,0,0,0
1,97234874,T,C,0,0,0,0,0,0,0,0,0,0,0,0,1,0,0,0,0,0,0,0,0,0,0,0,0,0,0,1,0,1,0,0,0,0,0,0,0,0,0,0,0,0,0,0,0,0,0.03,0.03,0.03,0.572,0.572,0.572,0.804,0.989,0.555,0.593,0.834,1,0.669,0.991,0.665,1.061,1.138,5.842,1,0,0,0,0,0,0,0,0,0,0,1,0
1,97234916,G,A,0,0,0,0,0,0,0,0,0,0,0,0,1,0,0,0,0,0,0,0,0,0,0,0,0,0,0,1,0,1,0,0,0,0,0,0,0,0,0,0,0,0,0,0,0,0,0.28,0.28,0.28,0.15,0.15,0.15,0.984,0.996,0.978,0.995,0.998,1,0.606,0.917,0.676,1.048,1.176,9.602,1,0,0,0,0,0,0,1,0,0,0,0,0
1,97234958,G,T,0,0,0,0,0,0,0,0,0,0,0,0,1,0,0,0,0,0,0,0,0,0,0,0,0,0,0,1,0,1,0,0,0,0,0,0,0,0,0,0,0,0,0,0,0,0,0.01,0.01,0.01,0.725,0.725,0.725,0.998,0.982,0.854,0.995,0.949,1,0.606,0.917,-0.153,0.108,0.198,9.602,0,0,0,0,0,0,0,0,0,1,0,0,0
1,97234991,G,T,0,0,0,0,0,0,0,0,0,0,0,0,1,0,0,0,0,0,0,0,0,0,0,0,0,0,0,1,0,1,0,0,0,0,0,0,0,0,0,0,0,0,0,0,0,0,0.01,0.01,0.01,0.091,0.091,0.091,0.474,0.236,0.905,0.677,0.396,1,0.606,0.917,0.676,1.048,1.176,2.667,1,0,0,0,0,0,0,0,0,1,0,0,0
1,97305279,G,A,0,0,0,0,0,0,0,0,0,0,0,0,1,0,0,0,0,0,0,0,0,0,0,0,0,0,0,1,0,1,0,0,0,0,0,0,0,0,0,0,0,0,0,0,0,0,0,0,0,0.998,0.998,0.998,0.932,0.775,0.186,0.256,0.432,1,0.606,0.917,0.613,0.993,1.176,9.512,1,0,0,0,0,0,0,1,0,0,0,0,0
1,97305363,A,C,0,0,0,0,0,0,0,0,0,0,0,0,1,0,0,0,0,0,0,0,0,0,0,0,0,0,0,1,0,1,0,0,0,0,0,0,0,0,0,0,0,0,0,0,0,0,0.02,0.02,0.02,0.965,0.965,0.965,0.93,0.997,0.596,0.895,0.857,1,0.714,1.062,0.684,1.135,1.312,8.863,0,1,0,0,0,0,0,0,0,0,0,0,0
1,97305364,C,T,0,0,0,0,0,0,0,0,0,0,0,0,1,0,0,0,0,0,0,0,0,0,0,0,0,0,0,1,0,1,0,0,0,0,0,0,0,0,0,0,0,0,0,0,0,0,0.02,0.02,0.02,0.852,0.852,0.852,0.912,0.995,0.419,0.806,0.667,1,0.575,0.871,0.544,0.887,1.026,7.499,1,0,0,0,0,0,1,0,0,0,0,0,0
1,97305372,G,A,0,0,0,0,0,0,0,0,0,0,0,0,1,0,0,0,0,0,0,0,0,0,0,0,0,0,0,1,0,1,0,0,0,0,0,0,0,0,0,0,0,0,0,0,0,0,0,0,0,0.993,0.993,0.993,0.838,0.974,0.105,0.577,0.142,1,0.606,0.917,0.613,0.993,1.176,9.512,0,0,0,0,0,0,0,1,0,0,0,0,0
1,97306195,C,T,0,0,0,0,0,0,0,0,0,0,0,0,1,0,0,0,0,0,0,0,0,0,0,0,0,0,1,0,0,0,0,0,0,0,0,0,0,0,0,0,0,0,0,0,0,0,0,0,0,0,0,0,0.999,1,0.988,0.999,0.999,1,0.575,0.871,0.544,0.887,1.026,7.539,0,0,0,0,0,0,1,0,0,0,0,0,0
1,97335751,A,G,0,0,0,0,0,0,0,0,0,0,0,0,0,0,0,0,0,0,0,0,0,0,0,0,0,0,0,1,0,0,0,1,0,0,0,0,0,0,0,0,0,0,0,1908,1908,1908,0,0,0,0,0,0,0.143,0.025,0.08,0.011,0.029,0,0.483,0.167,0.756,-0.012,1.016,-0.387,1,0,1,0,0,0,0,0,0,0,0,0,0
1,97373598,C,T,0,0,0,0,0,0,0,0,0,0,0,0,1,0,0,0,0,0,0,0,0,0,0,0,0,0,0,1,0,1,0,0,0,0,0,0,0,0,0,0,0,0,0,0,0,0,0,0,0,0,0,0,0.999,1,0.986,1,1,1,0.575,0.871,0.529,0.875,1.01,7.142,1,0,0,0,0,0,1,0,0,0,0,0,0
1,97373629,C,A,0,0,0,0,0,0,0,0,0,0,0,0,1,0,0,0,0,0,0,0,0,0,0,0,0,0,0,1,0,1,0,0,0,0,0,0,0,0,0,0,0,0,0,0,0,0,0,0,0,0.815,0.815,0.815,0.999,1,0.996,1,1,1,0.575,0.871,0.529,0.875,1.01,7.142,0,0,0,0,1,0,0,0,0,0,0,0,0
1,97382461,T,G,0,0,0,0,0,0,0,0,0,0,0,0,1,0,0,1,0,0,0,0,0,0,0,0,0,0,0,1,0,1,0,1,0,0,0,0,0,0,0,0,0,0,0,3550,3550,3550,0,0,0,0.694,0.694,0.694,0.053,0.97,0.408,0.413,0.804,1,0.669,0.991,0.644,0.945,1.1,1.686,0,0,0,0,0,0,0,0,0,0,0,0,1
1,97397224,C,T,0,0,0,0,0,0,0,0,0,0,0,0,0,0,0,0,0,0,0,0,0,0,0,0,0,0,0,1,0,1,0,0,0,0,0,0,0,0,0,0,0,0,0,0,0,0,0,0,0,0,0,0,0.035,0.001,0.003,0.002,0.001,0,0.473,-1.183,-0.12,0.083,0.01,-0.45,1,0,0,0,0,0,1,0,0,0,0,0,0
1,97402157,C,A,0,0,0,0,0,0,0,0,0,0,0,0,0,0,0,0,0,0,0,0,0,0,0,0,0,0,0,1,0,1,0,0,0,0,0,0,0,0,0,0,0,0,0,0,0,0,0,0,0,0,0,0,0.035,0.001,0.048,0.048,0.042,0.031,0.473,-1.183,-0.863,-0.862,-0.75,-0.993,0,0,0,0,1,0,0,0,0,0,0,0,0
1,97450058,C,T,0,0,1,0,0,0,0,0,0,0,0,0,0,0,0,0,0,0,0,0,0,0,0,0,0,0,0,0,0,0,0,0,0,0,0,0,0,0,0,0,0,0,0,0,0,0,0,0,0,0,0,0,0.991,0.997,0.972,0.979,0.988,1,0.575,0.871,0.549,0.892,1.026,7.568,1,0,0,0,0,0,1,0,0,0,0,0,0
1,97450059,G,A,0,0,0,0,0,0,0,0,0,0,0,0,0,0,0,1,0,0,0,0,0,1,0,0,0,0,0,0,0,0,0,0,0,0,0,0,0,0,0,0,0,0,0,0,0,0,0,0,0,0,0,0,0.986,0.994,0.956,0.95,0.967,0.792,-0.778,-0.715,-0.837,-1.204,-0.972,0.008,0,0,0,0,0,0,0,1,0,0,0,0,0
1,97450068,A,G,0,0,0,0,0,0,0,0,0,0,0,0,0,0,0,0,0,0,0,0,0,1,0,0,0,0,0,0,0,0,0,0,0,0,0,0,0,0,0,0,0,0,0,0,0,0,0,0,0,0,0,0,0.982,0.998,0.996,0.992,1,0.978,-0.718,0.09,0.691,-0.16,0.324,0.288,1,0,1,0,0,0,0,0,0,0,0,0,0
1,97450168,A,G,0,0,0,0,0,0,0,0,0,0,0,0,1,0,0,0,0,0,0,0,0,0,0,0,0,0,0,0,0,0,0,0,0,0,0,0,0,0,0,0,0,0,0,0,0,0,0.4,0.4,0.4,0.003,0.003,0.003,0.981,0.997,0.981,0.982,0.993,0.958,0.714,1.062,0.691,1.14,1.312,7.153,0,0,1,0,0,0,0,0,0,0,0,0,0
1,97450187,C,T,0,0,0,0,0,0,0,0,0,0,0,0,1,0,0,0,0,0,0,0,0,0,0,0,0,0,0,0,0,0,0,0,0,0,0,0,0,0,0,0,0,0,0,0,0,0,0,0,0,0,0,0,0.996,0.986,0.992,0.998,0.995,1,0.575,0.871,0.549,0.892,1.026,7.568,1,0,0,0,0,0,1,0,0,0,0,0,0
1,97450189,C,T,0,0,0,0,0,0,0,0,0,0,0,0,1,0,0,0,0,0,0,0,0,0,0,0,0,0,0,0,0,0,0,0,0,0,0,0,0,0,0,0,0,0,0,0,0,0,0,0,0,0.986,0.986,0.986,0.997,0.995,0.995,1,0.996,1,0.575,0.871,0.549,0.892,1.026,7.568,1,0,0,0,0,0,1,0,0,0,0,0,0
1,97450190,G,A,0,0,0,0,0,0,0,0,0,0,0,0,1,0,0,0,0,0,0,0,0,0,0,0,0,0,0,0,0,0,0,0,0,0,0,0,0,0,0,0,0,0,0,0,0,0,0,0,0,0.999,0.999,0.999,0.998,0.997,0.996,1,0.996,1,0.606,0.917,0.618,0.998,0.22,6.477,1,0,0,0,0,0,0,1,0,0,0,0,0
1,97507696,C,A,0,0,0,0,0,0,0,0,0,0,0,0,0,0,0,0,0,0,0,0,0,0,0,0,0,0,0,1,0,1,0,0,0,0,0,0,0,0,0,0,0,0,0,0,0,0,0,0,0,0,0,0,0.012,0.023,0.555,0.02,0.022,0.002,-1.12,-0.262,0.549,-0.406,-0.225,0.002,0,0,0,0,1,0,0,0,0,0,0,0,0
1,97515686,T,C,0,0,0,0,0,0,0,0,0,0,0,0,0,0,0,0,0,0,0,0,0,0,0,0,0,0,0,1,0,0,0,0,0,0,0,0,0,0,0,0,0,0,0,0,0,0,0,0,0,0,0,0,0.009,0.214,0.001,0.001,0.002,0,-0.172,0.084,-0.896,-0.287,-0.167,-0.081,1,0,0,0,0,0,0,0,0,0,0,1,0
1,97515687,G,A,0,0,0,0,0,0,0,0,0,0,0,0,0,0,0,0,0,0,0,0,0,0,0,0,0,0,0,1,0,0,0,0,0,0,0,0,0,0,0,0,0,0,0,0,0,0,0,0,0,0,0,0,0.011,0.233,0.001,0.002,0.001,0,0.606,0.917,-0.169,0.108,-0.124,-0.571,1,0,0,0,0,0,0,1,0,0,0,0,0
1,97515784,C,A,0,0,0,0,0,0,0,0,0,0,0,0,1,0,0,0,0,0,0,0,0,0,0,0,0,0,0,1,0,0,0,0,0,0,0,0,0,0,0,0,0,0,0,0,0,0,0,0,0,0,0,0,0.997,1,0.992,0.999,0.997,1,0.575,0.871,0.549,0.892,1.026,7.413,0,0,0,0,1,0,0,0,0,0,0,0,0
1,97515787,A,C,0,0,0,0,0,0,0,0,0,0,0,0,1,0,0,0,0,0,0,0,0,0,0,0,0,0,0,1,0,0,0,0,0,0,0,0,0,0,0,0,0,0,0,0,0,0,0,0,0,0.999,0.999,0.999,0.997,1,0.995,1,1,1,0.714,1.062,0.691,1.14,1.312,8.757,0,1,0,0,0,0,0,0,0,0,0,0,0
1,97515839,T,C,0,0,0,0,0,0,0,0,0,0,0,0,1,0,0,0,0,0,0,0,0,0,0,0,0,0,0,1,0,0,0,0,0,0,0,0,0,0,0,0,0,0,0,0,0,0,0.08,0.08,0.08,0,0,0,0.947,0.869,0.957,0.975,0.51,0.994,-0.252,-0.027,0.609,-0.169,-0.255,1.397,1,0,0,0,0,0,0,0,0,0,0,1,0
1,97515851,C,T,0,0,0,0,0,0,0,0,0,0,0,0,1,0,0,0,0,0,0,0,0,0,0,0,0,0,0,1,0,0,0,0,0,0,0,0,0,0,0,0,0,0,0,0,0,0,0,0,0,0.979,0.979,0.979,0.94,0.992,0.397,0.796,0.117,1,0.575,0.871,0.549,0.892,1.026,5.708,0,0,0,0,0,0,1,0,0,0,0,0,0
1,97515865,C,T,0,0,0,0,0,0,0,0,0,0,0,0,1,0,0,0,0,0,0,0,0,0,0,0,0,0,0,1,0,0,0,0,0,0,0,0,0,0,0,0,0,0,0,0,0,0,0,0,0,0.927,0.927,0.927,0.99,0.988,0.278,0.857,0.497,1,0.575,0.871,-0.251,0.031,0.125,5.711,0,0,0,0,0,0,1,0,0,0,0,0,0
1,97515889,G,C,0,0,0,0,0,0,0,0,0,0,0,0,1,0,0,0,0,0,0,0,0,0,0,0,0,0,0,1,0,0,0,0,0,0,0,0,0,0,0,0,0,0,0,0,0,0,0.28,0.28,0.28,0.604,0.604,0.604,0.992,0.998,0.134,0.751,0.686,1,0.606,0.917,0.618,0.998,1.176,7.084,0,0,0,0,0,0,0,0,1,0,0,0,0
1,97515923,C,T,0,0,0,0,0,0,0,0,0,0,0,0,1,0,0,0,0,0,0,0,0,0,0,0,0,0,0,1,0,0,0,0,0,0,0,0,0,0,0,0,0,0,0,0,0,0,0.26,0.26,0.26,0,0,0,0.38,0.503,0.008,0.007,0.04,0.971,0.575,-0.011,-0.231,0.04,0.131,2.509,1,0,0,0,0,0,1,0,0,0,0,0,0
1,97515928,G,A,0,0,0,0,0,0,0,0,0,0,0,0,1,0,0,0,0,0,0,0,0,0,0,0,0,0,0,1,0,0,0,0,0,0,0,0,0,0,0,0,0,0,0,0,0,0,0.7,0.7,0.7,0,0,0,0.545,0.869,0.044,0.241,0.445,0.162,0.606,0.917,-0.169,0.108,0.228,1.442,1,0,0,0,0,0,0,1,0,0,0,0,0
1,97549565,C,T,0,0,0,0,0,0,0,0,0,0,0,0,1,0,0,0,0,0,0,0,0,0,0,0,0,0,0,0,0,0,0,0,1,0,0,0,0,0,0,0,0,0,0,2607,2607,2607,0,0,0,0,0,0,0.494,0.96,0.062,0.344,0.293,1,-0.173,0.057,-0.775,-0.246,-0.175,1.723,0,0,0,0,0,0,1,0,0,0,0,0,0
1,97549600,T,C,0,0,0,0,0,0,0,0,0,0,0,0,1,0,0,0,0,0,0,0,0,0,0,0,0,0,0,0,0,0,0,0,1,0,0,0,0,0,0,0,0,0,0,2642,2642,2642,0,0,0,0,0,0,0.979,1,0.959,0.997,1,1,0.669,0.991,0.665,1.061,1.138,7.618,1,0,0,0,0,0,0,0,0,0,0,1,0
1,97549609,G,A,0,0,0,0,0,0,0,0,0,0,0,0,1,0,0,0,0,0,0,0,0,0,0,0,0,0,0,0,0,0,0,0,1,0,0,0,0,0,0,0,0,0,0,2651,2651,2651,0.01,0.01,0.01,0.444,0.444,0.444,0.946,0.997,0.978,0.997,1,1,0.606,0.917,0.676,1.048,1.176,9.529,1,0,0,0,0,0,0,1,0,0,0,0,0
1,97549681,G,T,0,0,0,0,0,0,0,0,0,0,0,0,1,0,0,0,0,0,0,0,0,0,0,0,0,0,0,0,0,0,0,0,1,0,0,0,0,0,0,0,0,0,0,2723,2723,2723,0.01,0.01,0.01,0.994,0.994,0.994,0.998,0.999,0.818,0.992,0.984,1,0.606,0.917,0.676,1.048,1.176,7.356,0,0,0,0,0,0,0,0,0,1,0,0,0
1,97549726,G,C,0,0,0,0,0,0,0,0,0,0,0,0,1,0,0,0,0,0,0,0,0,0,0,0,0,0,0,0,0,0,0,0,1,0,0,0,0,0,0,0,0,0,0,2768,2768,2768,0,0,0,0.988,0.988,0.988,0.867,0.983,0.996,0.995,0.934,1,0.606,0.917,0.676,1.048,1.176,9.529,0,0,0,0,0,0,0,0,1,0,0,0,0
1,97549735,G,A,0,0,0,0,0,0,0,0,0,0,0,0,1,0,0,0,0,0,0,0,0,0,0,0,0,0,0,0,0,0,0,0,1,0,0,0,0,0,0,0,0,0,0,2777,2777,2777,0,0,0,0.621,0.621,0.621,0.898,0.998,0.995,0.999,0.96,1,0.606,0.917,0.676,1.048,0.224,9.529,0,0,0,0,0,0,0,1,0,0,0,0,0
1,97573785,A,C,0,0,0,0,0,0,0,0,0,0,0,0,1,0,0,0,0,0,0,0,0,0,0,0,0,0,0,0,0,0,0,0,0,0,0,0,0,0,0,0,0,0,0,0,0,0,0,0,0,0.822,0.822,0.822,0.888,0.999,0.998,0.998,0.995,1,0.714,1.003,0.75,1.193,1.312,0.989,1,1,0,0,0,0,0,0,0,0,0,0,0
1,97573799,C,G,0,0,0,0,0,0,0,0,0,0,0,0,1,0,0,0,0,0,0,0,0,0,0,0,0,0,0,0,0,0,0,0,0,0,0,0,0,0,0,0,0,0,0,0,0,0,0.06,0.06,0.06,0,0,0,0.837,0.998,0.987,0.982,0.99,1,0.575,0.824,0.594,0.931,1.026,4.612,1,0,0,0,0,1,0,0,0,0,0,0,0
1,97573805,C,T,0,0,0,0,0,0,0,0,0,0,0,0,1,0,0,0,0,0,0,0,0,0,0,0,0,0,0,0,0,0,0,0,0,0,0,0,0,0,0,0,0,0,0,0,0,0,0.35,0.35,0.35,0.003,0.003,0.003,0.705,0.996,0.932,0.472,0.446,0.992,0.575,0.824,0.594,0.931,1.026,3.052,0,0,0,0,0,0,1,0,0,0,0,0,0
1,97573839,A,T,0,0,0,0,0,0,0,0,0,0,0,0,1,0,0,0,0,0,0,0,0,0,0,0,0,0,0,0,0,0,0,0,0,0,0,0,0,0,0,0,0,0,0,0,0,0,0.32,0.32,0.32,0,0,0,0.631,0.976,0.306,0.017,0.059,0,-1.36,0.002,-2.612,-3.673,-1.859,-2.6,0,0,0,1,0,0,0,0,0,0,0,0,0
1,97573863,C,T,0,0,0,0,0,0,0,0,0,0,0,0,0,0,0,0,0,0,0,0,0,1,0,0,0,0,0,0,0,0,0,0,0,0,0,0,0,0,0,0,0,0,0,0,0,0,0,0,0,0,0,0,0.995,0.998,0.988,0.998,0.999,0.993,0.575,-0.087,0.594,0.062,-0.016,0.403,0,0,0,0,0,0,1,0,0,0,0,0,0
1,97573881,C,T,0,0,0,0,0,0,0,0,0,0,0,0,1,0,0,0,0,0,0,0,0,0,0,0,0,0,0,0,0,0,0,0,0,0,0,0,0,0,0,0,0,0,0,0,0,0,0.27,0.27,0.27,0,0,0,0.981,0.995,0.319,0.377,0.092,1,0.575,0.824,0.594,0.931,1.026,3.709,0,0,0,0,0,0,1,0,0,0,0,0,0
1,97573918,C,A,0,0,0,0,0,0,0,0,0,0,0,0,1,0,0,0,0,0,0,0,0,0,0,0,0,0,0,0,0,0,0,0,0,0,0,0,0,0,0,0,0,0,0,0,0,0,0.05,0.05,0.05,0.098,0.098,0.098,0.997,0.991,0.998,1,1,1,0.575,0.824,0.594,0.931,1.026,5.761,0,0,0,0,1,0,0,0,0,0,0,0,0
1,97573919,G,A,0,0,0,0,0,0,0,0,0,0,0,0,1,0,0,0,0,0,0,0,0,0,0,0,0,0,0,0,0,0,0,0,0,0,0,0,0,0,0,0,0,0,0,0,0,0,0.01,0.01,0.01,0.014,0.014,0.014,0.995,0.987,0.998,1,1,0.996,0.606,-0.094,0.671,1.044,1.176,2.169,0,0,0,0,0,0,0,1,0,0,0,0,0
1,97573985,A,G,0,0,0,0,0,0,0,0,0,0,0,0,0,0,0,0,0,1,0,0,0,0,0,0,0,0,0,1,0,0,0,0,0,0,0,0,0,0,0,0,0,0,0,0,0,0,0,0,0,0,0,0,0.045,0.017,0.535,0,0,0.015,0.714,-0.172,-0.117,-0.714,-0.044,1.394,0,0,1,0,0,0,0,0,0,0,0,0,0
1,97573998,C,A,0,0,0,0,0,0,0,0,0,0,0,0,0,0,0,0,0,0,0,0,0,0,0,0,0,0,0,1,0,0,0,0,0,0,0,0,0,0,0,0,0,0,0,0,0,0,0,0,0,0,0,0,0.023,0.107,0.033,0.059,0.033,0,0.473,-0.353,-0.181,-0.456,-0.238,-0.105,0,0,0,0,1,0,0,0,0,0,0,0,0
1,97579893,G,C,0,0,0,0,0,0,0,0,0,0,0,0,0,0,0,0,0,0,0,0,0,0,0,0,0,0,0,1,0,0,0,0,0,0,0,0,0,0,0,0,0,0,0,0,0,0,0,0,0,0,0,0,0.881,0.275,0.225,0.449,0.251,0.214,0.606,-0.218,-0.109,0.135,0.229,0.095,1,0,0,0,0,0,0,0,1,0,0,0,0
1,97593238,T,C,0,0,0,0,0,0,0,0,0,0,0,0,1,0,0,0,0,0,0,0,0,0,0,0,0,0,0,0,0,0,0,0,0,0,0,0,0,0,1,0,0,0,0,0,0,0,0.08,0.08,0.08,0.007,0.007,0.007,0.991,1,1,1,1,1,0.669,0.991,0.665,1.061,1.138,5.951,0,0,0,0,0,0,0,0,0,0,0,1,0
1,97593289,G,A,0,0,0,0,0,0,0,0,0,0,0,0,1,0,0,0,0,0,0,0,0,0,0,0,0,0,0,0,0,0,0,0,0,0,0,0,0,0,1,0,0,0,0,0,0,0,0.01,0.01,0.01,0.741,0.741,0.741,0.688,0.988,0.108,0.029,0.133,1,0.606,-0.011,0.676,-0.291,0.222,6.43,1,0,0,0,0,0,0,1,0,0,0,0,0
1,97593292,G,C,0,0,0,0,0,0,0,0,0,0,0,0,1,0,0,0,0,0,0,0,0,0,0,0,0,0,0,0,0,0,0,0,0,0,0,0,0,0,1,0,0,0,0,0,0,0,0,0,0,0.048,0.048,0.048,0.659,0.994,0.006,0.015,0.028,0.997,-0.208,0.069,-0.135,-0.247,-0.578,1.7,1,0,0,0,0,0,0,0,1,0,0,0,0
1,97593322,C,T,0,0,0,0,0,0,0,0,0,0,0,0,1,0,0,0,0,0,0,0,0,0,0,0,0,0,0,0,0,0,0,0,0,0,0,0,0,0,1,0,0,0,0,0,0,0,0,0,0,0.782,0.782,0.782,0.998,0.999,0.999,1,1,1,0.575,0.871,0.599,0.935,1.026,7.557,1,0,0,0,0,0,1,0,0,0,0,0,0
1,97593343,C,A,0,0,0,0,0,0,0,0,0,0,0,0,1,0,0,0,0,0,0,0,0,0,0,0,0,0,0,0,0,0,0,0,0,0,0,0,0,0,1,0,0,0,0,0,0,0,0,0,0,0.26,0.26,0.26,0.997,0.997,0.975,0.995,0.986,1,0.575,0.871,0.599,0.935,1.026,7.557,1,0,0,0,1,0,0,0,0,0,0,0,0
1,97593379,C,T,0,0,0,0,0,0,0,0,0,0,0,0,1,0,0,0,0,0,0,0,0,0,0,0,0,0,0,0,0,0,0,0,0,0,0,0,0,0,1,0,0,0,0,0,0,0,0.08,0.08,0.08,0.012,0.012,0.012,0.997,1,0.89,0.96,0.994,0.897,0.575,0.871,-0.18,0.064,0.125,1.619,0,0,0,0,0,0,1,0,0,0,0,0,0
1,97593438,A,C,0,0,0,0,0,0,0,0,0,0,0,0,0,0,0,0,0,0,0,0,0,0,0,0,0,0,0,1,0,0,0,0,0,0,0,0,0,0,1,0,0,0,0,0,0,0,0,0,0,0,0,0,1,1,0.998,1,1,1,0.714,1.062,0.756,1.199,1.312,2.714,1,1,0,0,0,0,0,0,0,0,0,0,0
1,97595083,G,A,0,0,0,0,0,0,0,0,0,0,0,0,1,0,0,0,0,0,0,0,0,0,0,0,0,0,0,0,0,0,0,0,0,0,0,0,0,0,0,0,0,0,0,0,0,0,0,0,0,0.25,0.25,0.25,0.998,0.997,0.999,1,0.999,1,0.606,0.917,0.676,1.048,1.176,1.629,0,0,0,0,0,0,0,1,0,0,0,0,0
1,97595088,A,G,0,0,0,0,0,0,0,0,0,0,0,0,1,0,0,0,0,0,0,0,0,0,0,0,0,0,0,0,0,0,0,0,0,0,0,0,0,0,0,0,0,0,0,0,0,0,0,0,0,0,0,0,0.998,0.998,0.999,1,1,1,0.714,1.062,0.756,1.199,1.312,7.577,0,0,1,0,0,0,0,0,0,0,0,0,0
1,97595107,A,G,0,0,0,0,0,0,0,0,0,0,0,0,1,0,0,0,0,0,0,0,0,0,0,0,0,0,0,0,0,0,0,0,0,0,0,0,0,0,0,0,0,0,0,0,0,0,0,0,0,0.998,0.998,0.998,0.964,0.998,0.341,0.342,0.898,1,0.714,1.062,0.756,1.199,1.312,7.577,1,0,1,0,0,0,0,0,0,0,0,0,0
1,97595124,G,A,0,0,0,0,0,0,0,0,0,0,0,0,1,0,0,0,0,0,0,0,0,0,0,0,0,0,0,0,0,0,0,0,0,0,0,0,0,0,0,0,0,0,0,0,0,0,0,0,0,0.068,0.068,0.068,0.906,0.197,0.187,0.492,0.673,0.912,0.606,-0.044,0.676,1.048,1.176,1.396,1,0,0,0,0,0,0,1,0,0,0,0,0
1,97595149,T,C,0,0,0,0,0,0,0,0,0,0,0,0,1,0,0,0,0,0,0,0,0,0,0,0,0,0,0,0,0,0,0,0,0,0,0,0,0,0,0,0,0,0,0,0,0,0,0.14,0.14,0.14,0.018,0.018,0.018,0.79,0.871,0.395,0.461,0.509,1,0.669,0.991,0.665,1.061,1.138,2.988,1,0,0,0,0,0,0,0,0,0,0,1,0
1,97679004,G,A,0,0,0,0,0,0,0,0,0,0,0,0,0,0,0,0,0,0,0,0,0,0,0,0,0,0,0,1,0,0,0,0,0,0,0,0,0,0,0,0,0,0,0,0,0,0,0,0,0,0,0,0,0.08,0.05,0.007,0.001,0.001,0,0.606,0.63,-0.169,0.108,0.228,-0.622,0,0,0,0,0,0,0,1,0,0,0,0,0
1,97679170,T,C,0,0,0,0,0,0,0,0,0,0,0,0,1,0,0,0,0,0,0,0,0,0,0,0,0,0,0,0,0,0,0,0,0,0,0,0,0,0,0,0,0,0,0,0,0,0,0,0,0,0.29,0.29,0.29,0.995,0.992,0.456,0.73,0.786,1,0.669,0.991,0.609,1.011,1.118,3.874,0,0,0,0,0,0,0,0,0,0,0,1,0
1,97679300,T,C,0,0,0,0,0,0,0,0,0,0,0,0,0,0,0,0,0,0,0,0,0,0,0,0,0,0,0,1,0,0,0,0,0,0,0,0,0,0,0,0,0,0,0,0,0,0,0,0,0,0,0,0,0.003,0.036,0.001,0,0,0,-0.448,-0.913,0.609,-0.521,-0.387,-1.228,0,0,0,0,0,0,0,0,0,0,0,1,0
1,97691769,G,A,0,0,0,0,0,0,0,0,0,0,0,0,1,0,0,0,0,0,0,0,0,0,0,0,0,0,1,0,0,0,0,0,0,0,0,0,0,0,0,0,0,0,0,0,0,0,0,0,0,0.991,0.991,0.991,0.979,0.993,0.994,0.991,0.997,1,0.606,0.917,0.618,0.998,1.176,9.337,1,0,0,0,0,0,0,1,0,0,0,0,0
1,97691776,G,A,0,0,0,0,0,0,0,0,0,0,0,0,1,0,0,0,0,0,0,0,0,0,0,0,0,0,1,0,0,0,0,0,0,0,0,0,0,0,0,0,0,0,0,0,0,0,0,0,0,0,0,0,0.974,0.984,0.993,0.977,0.995,1,0.606,-0.033,0.618,0.063,0.186,4.325,1,0,0,0,0,0,0,1,0,0,0,0,0
1,97699212,C,T,0,0,0,0,0,0,0,0,0,0,0,0,0,0,0,0,0,0,0,0,0,0,0,0,0,0,0,1,0,1,0,0,1,0,0,0,0,0,0,0,0,0,0,275,275,275,0,0,0,0,0,0,0.356,0.05,0.955,0.985,0.976,0.018,-0.481,0.084,-0.162,0.119,0.207,0.22,1,0,0,0,0,0,1,0,0,0,0,0,0
1,97699399,T,C,0,0,0,0,0,0,0,0,0,0,0,0,1,0,0,0,0,0,0,0,0,0,0,0,0,0,1,0,0,0,0,0,1,0,0,0,0,0,0,0,0,0,0,88,88,88,0,0,0,0,0,0,0.959,0.996,0.761,0.738,0.851,1,0.669,0.991,0.609,1.011,1.138,7.559,1,0,0,0,0,0,0,0,0,0,0,1,0
1,97699408,C,T,0,0,0,0,0,0,0,0,0,0,0,0,1,0,0,0,0,0,0,0,0,0,0,0,0,0,1,0,0,0,0,0,1,0,0,0,0,0,0,0,0,0,0,79,79,79,0,0,0,0,0,0,0.954,0.997,0.859,0.81,0.948,1,0.575,0.871,0.549,0.892,1.026,7.455,0,0,0,0,0,0,1,0,0,0,0,0,0
1,97699430,T,G,0,0,0,0,0,0,0,0,0,0,0,0,1,0,0,0,0,0,0,0,0,0,0,0,0,0,1,0,0,0,0,0,1,0,0,0,0,0,0,0,0,0,0,57,57,57,0,0,0,0,0,0,0.998,1,0.999,1,1,1,0.669,0.991,0.609,1.011,1.138,7.559,1,0,0,0,0,0,0,0,0,0,0,0,1
1,97699474,T,C,0,0,0,0,0,0,0,0,0,0,0,0,1,0,0,0,0,0,0,0,0,0,0,0,0,0,1,0,0,0,0,0,1,0,0,0,0,0,0,0,0,0,0,13,13,13,0,0,0,0.958,0.958,0.958,0.996,0.993,0.998,1,1,1,0.669,0.991,0.609,1.011,1.138,3.679,1,0,0,0,0,0,0,0,0,0,0,1,0
1,97699533,C,T,0,0,0,0,0,0,0,0,0,0,0,0,1,0,0,0,0,0,0,0,0,0,0,0,0,0,1,0,0,0,0,0,0,0,0,0,0,0,0,0,0,0,0,0,0,0,0.02,0.02,0.02,0.996,0.996,0.996,0.989,0.998,0.993,1,1,1,0.575,0.871,0.549,0.892,1.026,7.455,0,0,0,0,0,0,1,0,0,0,0,0,0
1,97699535,T,C,0,0,0,0,0,0,0,0,0,0,0,0,1,0,0,0,0,0,0,0,0,0,0,0,0,0,1,0,0,0,0,0,0,0,0,0,0,0,0,0,0,0,0,0,0,0,0,0,0,0,0,0,0.993,0.999,0.991,1,1,1,0.669,0.991,0.609,1.011,1.138,7.559,1,0,0,0,0,0,0,0,0,0,0,1,0
1,97720144,T,C,0,0,0,0,0,0,0,0,0,0,0,0,0,0,0,0,0,0,0,0,0,0,0,0,0,1,0,1,0,1,0,0,0,0,0,0,0,0,1,0,0,0,0,0,0,0,0,0,0,0,0,0,0.001,0.009,0,0,0,0,0.669,0.553,-0.88,-0.386,0.107,0.016,0,0,0,0,0,0,0,0,0,0,0,1,0
1,97720166,A,T,0,0,0,0,0,0,0,0,0,0,0,0,0,0,0,0,0,0,0,0,0,0,0,0,0,1,0,1,0,1,0,0,0,0,0,0,0,0,1,0,0,0,0,0,0,0,0,0,0,0,0,0,0.001,0.001,0,0,0,0,-0.422,-2.071,-6.28,-6.118,-4.39,-4.907,0,0,0,1,0,0,0,0,0,0,0,0,0
1,97720168,A,T,0,0,0,0,0,0,0,0,0,0,0,0,0,0,0,0,0,0,0,0,0,0,0,0,0,1,0,1,0,1,0,0,0,0,0,0,0,0,1,0,0,0,0,0,0,0,0,0,0,0,0,0,0.001,0.001,0,0,0,0,-0.866,-0.262,-3.294,-3.685,-1.952,-2.466,0,0,0,1,0,0,0,0,0,0,0,0,0
1,97720673,T,C,0,0,0,0,0,0,0,0,0,0,0,0,0,0,0,0,0,0,0,0,0,0,0,0,0,1,0,1,0,1,0,0,0,0,0,0,0,0,0,0,0,0,0,0,0,0,0,0,0,0,0,0,0.042,0.721,0.028,0.006,0.03,0.482,-1.841,-2.081,-2.479,-2.316,-1.751,-0.114,0,0,0,0,0,0,0,0,0,0,0,1,0
1,97721492,C,T,0,0,0,0,0,0,0,0,0,0,0,0,0,0,0,0,0,0,0,0,0,0,0,0,0,0,0,1,0,1,0,0,0,0,0,0,0,0,0,0,0,0,0,0,0,0,0,0,0,0,0,0,0.003,0.001,0.002,0,0,0,-1.154,-0.456,-0.12,-0.409,-0.227,-0.246,1,0,0,0,0,0,1,0,0,0,0,0,0
1,97721542,T,C,0,0,0,0,0,0,0,0,0,0,0,0,1,0,0,0,0,0,0,0,0,0,0,0,0,0,1,0,0,0,0,0,0,0,0,0,0,0,0,0,0,0,0,0,0,0,0,0,0,0.985,0.779,0.882,0.999,1,0.997,1,1,1,0.669,0.991,0.665,0.964,1.138,7.619,0,0,0,0,0,0,0,0,0,0,0,1,0
1,97721650,T,C,0,0,0,0,0,0,0,0,0,0,0,0,1,0,0,0,0,0,0,0,0,0,0,0,0,0,1,0,0,0,0,0,0,0,0,0,0,0,0,0,0,0,0,0,0,0,0.11,0.06,0.085,0.106,0.066,0.086,0.959,0.999,0.999,0.998,1,1,-0.252,0.018,0.665,0.088,0.142,2.322,0,0,0,0,0,0,0,0,0,0,0,1,0
1,97721668,A,T,0,0,0,0,0,0,0,0,0,0,0,0,1,0,0,0,0,0,0,0,0,0,0,0,0,0,1,0,0,0,0,1,0,0,0,0,0,0,0,0,0,0,0,14,14,14,0,0,0,0.999,0.999,0.999,0.926,0.998,0.988,0.998,0.999,1,0.714,1.062,0.756,1.199,1.312,8.881,1,0,0,1,0,0,0,0,0,0,0,0,0
1,97740400,C,T,0,0,0,0,0,0,0,0,0,0,0,0,1,0,0,0,0,0,0,0,0,0,0,0,0,0,1,0,0,0,0,0,0,0,0,0,0,0,0,0,0,0,0,0,0,0,0.04,0.03,0.035,0.372,0.28,0.326,0.942,0.998,0.997,0.997,1,1,0.575,0.871,0.549,0.807,1.026,2.977,0,0,0,0,0,0,1,0,0,0,0,0,0
1,97740439,G,C,0,0,0,0,0,0,0,0,0,0,0,0,1,0,0,0,0,0,0,0,0,0,0,0,0,0,1,0,0,0,0,0,0,0,0,0,0,0,0,0,0,0,0,0,0,0,0,0,0,0.996,0.996,0.996,0.949,0.992,0.99,0.929,0.967,1,0.606,0.917,0.618,0.902,1.176,9.196,1,0,0,0,0,0,0,0,1,0,0,0,0
1,97740456,G,A,0,0,0,0,0,0,0,0,0,0,0,0,1,0,0,0,0,0,0,0,0,0,0,0,0,0,1,0,0,0,0,0,0,0,0,0,0,0,0,0,0,0,0,0,0,0,0,0,0,0.999,0.999,0.999,0.972,1,0.995,0.998,0.999,1,0.606,0.917,0.676,0.953,1.176,9.196,1,0,0,0,0,0,0,1,0,0,0,0,0
1,97740602,C,G,0,0,0,0,0,0,0,0,0,0,0,0,0,0,0,0,0,0,0,0,0,0,0,0,0,0,0,1,0,1,0,0,0,0,0,0,0,0,0,0,0,0,0,0,0,0,0,0,0,0,0,0,0.006,0.024,0.035,0.002,0.002,0,-0.838,-0.192,-0.224,-0.443,-0.528,-0.187,0,0,0,0,0,1,0,0,0,0,0,0,0
1,97828160,T,C,0,0,0,0,0,0,0,0,0,0,0,0,1,0,0,0,0,0,0,0,0,0,0,0,1,0,1,0,0,0,0,0,0,0,0,1,0,0,1,0,0,0,0,0,0,0,0,0,0,0.991,0.991,0.991,1,1,1,1,1,1,0.669,0.991,0.665,1.061,1.138,6.611,0,0,0,0,0,0,0,0,0,0,0,1,0
1,97883329,A,G,0,0,0,0,0,0,0,0,0,0,0,0,1,0,0,0,0,0,0,0,0,0,0,0,1,0,1,1,0,0,0,0,0,0,0,0,0,0,0,0,0,0,0,0,0,0,0.5,0.44,0.47,0,0,0,0.974,0.626,0.77,0.981,0.781,0.321,-0.28,0.024,-0.103,0.138,0.227,1.647,1,0,1,0,0,0,0,0,0,0,0,0,0
1,97883352,C,T,0,0,0,0,0,0,0,0,0,0,0,0,1,0,0,0,0,0,0,0,0,0,0,0,1,0,1,1,0,0,0,0,0,0,0,0,0,0,0,0,0,0,0,0,0,0,0.02,0.01,0.015,0.801,0.756,0.7785,0.985,0.992,0.656,0.888,0.876,0.975,0.575,0.871,-0.172,0.068,0.129,2.377,0,0,0,0,0,0,1,0,0,0,0,0,0
1,97883368,G,C,0,0,0,0,0,0,0,0,0,0,0,0,1,0,0,0,0,0,0,0,0,0,0,0,1,0,1,1,0,0,0,0,0,0,0,0,0,0,0,0,0,0,0,0,0,0,0,0,0,0.997,0.978,0.9875,0.984,0.981,0.976,0.998,0.997,1,0.606,0.917,0.676,1.048,1.176,5.549,0,0,0,0,0,0,0,0,1,0,0,0,0
1,97886497,A,T,0,0,0,0,0,0,0,0,0,0,0,0,0,0,0,0,0,0,0,0,0,0,0,0,0,0,0,1,0,1,0,0,0,0,0,0,0,0,1,0,0,0,0,0,0,0,0,0,0,0,0,0,0,0.001,0.012,0.001,0.006,0,-0.886,-1.976,-0.169,-0.47,-0.311,-1.109,0,0,0,1,0,0,0,0,0,0,0,0,0
1,97921399,A,C,0,0,0,0,0,0,0,0,0,0,0,0,0,0,0,0,0,0,0,0,0,0,0,0,0,0,0,1,0,1,0,1,0,0,0,1,0,0,1,0,0,0,0,402,340,352.2,0,0,0,0,0,0,0.001,0.002,0.004,0.001,0.001,0,-0.219,-0.226,0.684,0.038,0.232,0.044,0,1,0,0,0,0,0,0,0,0,0,0,0
1,109710619,A,C,0,0,0,0,0,0,0,0,0,0,0,0,0,0,0,0,0,0,0,0,0,0,0,0,0,0,0,0,0,0,0,1,1,0,0,0,0,0,0,0,0,1,1,3997,1068,1914.533333,0,0,0,0,0,0,0.006,0,0.001,0.001,0,0.003,0.64,-0.162,0.554,1.03,0.184,1.413,1,1,0,0,0,0,0,0,0,0,0,0,0
2,233606630,T,A,0,0,0,0,0,0,0,0,0,0,0,0,0,0,0,0,0,0,0,0,0,0,0,0,0,0,0,0,0,0,0,0,1,0,0,0,0,0,0,0,0,0,0,2229,2229,2229,0,0,0,0,0,0,0.006,0.144,0.084,0.083,0.006,0.026,0.64,0.158,0.245,0.247,0.39,0.267,1,0,0,0,0,0,0,0,0,0,1,0,0
2,233757013,T,G,0,0,0,0,0,0,0,0,0,0,0,0,0,0,0,0,0,0,0,0,0,0,0,0,0,0,0,1,1,0,0,1,1,0,0,0,0,0,1,0,0,0,1,3357,662,2137.25,0,0,0,0,0,0,0.047,0.012,0.328,0.01,0.023,0,-0.58,-1.604,-0.191,-0.473,-0.378,-0.543,1,0,0,0,0,0,0,0,0,0,0,0,1
2,233757136,G,A,0,0,0,0,0,0,0,0,0,0,0,0,0,0,0,0,0,0,0,0,0,0,0,0,0,0,0,1,1,0,0,1,1,0,0,1,0,0,1,0,0,0,1,3480,785,2198.75,0,0,0,0,0,0,0.2,0.01,0.087,0.011,0.012,0,0.414,-1.141,0.569,-0.021,-0.43,0.117,1,0,0,0,0,0,0,1,0,0,0,0,0
2,233758936,A,C,0,0,0,0,0,0,0,0,0,0,0,0,0,0,0,0,0,0,0,0,0,0,0,0,0,0,0,1,1,0,0,1,1,0,0,0,0,0,0,0,0,0,1,3667,1334,2900.454545,0,0,0,0,0,0,0.113,0.089,0.01,0.009,0.004,0,-1.729,-2.138,-0.175,-0.606,-0.172,-1.054,0,1,0,0,0,0,0,0,0,0,0,0,0
2,233759291,G,A,0,0,0,0,0,0,0,0,0,0,0,0,0,0,0,0,0,0,0,0,0,0,0,0,0,0,0,1,1,0,0,1,1,0,0,0,0,0,0,0,0,0,1,4022,979,3061.818182,0,0,0,0,0,0,0.113,0.188,0.204,0.196,0.608,0.022,-1.729,0.15,0.509,0.502,0.576,0.642,0,0,0,0,0,0,0,1,0,0,0,0,0
2,233759924,C,T,0,0,0,0,0,0,0,0,0,0,0,0,0,0,0,0,0,0,0,0,0,0,0,0,0,0,0,1,1,0,0,1,1,0,0,0,0,0,0,0,0,0,1,4655,346,3349.545455,0,0,0,0,0,0,0.006,0.008,0.047,0.008,0.034,0.657,-0.2,-0.192,0.599,0.077,0.081,0.42,0,0,0,0,0,0,1,0,0,0,0,0,0
2,233760498,G,A,0,0,0,0,0,0,0,0,0,0,0,0,1,0,0,0,0,0,0,0,0,0,0,0,0,0,0,1,1,0,0,0,1,0,0,0,0,0,0,0,0,0,1,4147,4147,4147,0.04,0.03,0.033333333,0.62,0.18,0.473333333,0.523,0.363,0.857,0.951,0.698,0.572,0.606,0.917,0.676,1.048,1.176,3.9,0,0,0,0,0,0,0,1,0,0,0,0,0
2,233764816,T,C,0,0,0,0,0,0,0,0,0,0,0,0,0,0,0,0,0,0,0,0,0,0,0,0,0,0,0,1,1,0,0,0,0,0,0,0,0,0,1,0,0,0,1,0,0,0,0,0,0,0,0,0,0.001,0.056,0.002,0.003,0.002,0,-0.836,-0.119,-1.926,-0.842,-0.851,0.029,0,0,0,0,0,0,0,0,0,0,0,1,0
2,233767183,C,T,0,0,0,0,0,0,0,0,0,0,0,0,0,0,0,0,0,0,0,0,0,0,0,0,0,0,0,1,1,0,0,0,1,0,0,0,0,0,0,0,0,0,1,24,24,24,0,0,0,0,0,0,0,0,0.094,0,0,0,-2.014,-1.863,-0.183,-0.762,-1.105,-2.997,1,0,0,0,0,0,1,0,0,0,0,0,0
2,233769013,C,T,0,0,0,0,0,0,0,0,0,0,0,0,0,0,0,0,0,0,0,0,0,0,0,0,0,0,0,1,1,0,0,0,1,0,0,0,0,0,0,0,0,0,1,1854,1854,1854,0,0,0,0,0,0,0.002,0.001,0.02,0.048,0.005,0.002,-1.154,-0.958,-0.183,0.001,-0.318,0.053,0,0,0,0,0,0,1,0,0,0,0,0,0
2,233772770,T,C,0,0,0,0,0,0,0,0,0,0,0,0,0,0,0,0,0,0,0,0,0,0,0,0,0,1,0,0,1,0,0,1,1,0,0,0,0,0,0,0,0,1,0,3069,102,2265.909091,0,0,0,0,0,0,0,0.001,0,0,0,0,-0.836,-1.042,-4.014,-3.962,-3.738,-1.208,1,0,0,0,0,0,0,0,0,0,0,1,0
2,233772898,G,C,0,0,0,0,0,0,0,0,0,0,0,0,0,0,0,0,0,0,0,0,0,0,0,0,0,1,0,0,1,0,0,1,1,0,0,0,0,0,0,0,0,1,0,3197,230,2254.272727,0,0,0,0,0,0,0.004,0,0,0,0,0,-0.778,-3.384,-6.11,-7.105,-6.883,-2.326,1,0,0,0,0,0,0,0,1,0,0,0,0
2,233772999,G,C,0,0,0,0,0,0,0,0,0,0,0,0,0,0,0,0,0,0,0,0,0,0,0,0,0,1,0,0,1,0,0,1,1,0,0,0,0,0,0,0,0,1,0,3298,331,2245.090909,0,0,0,0,0,0,0,0.001,0,0,0.001,0,-0.778,-0.995,-0.174,0.016,0.022,-0.32,1,0,0,0,0,0,0,0,1,0,0,0,0
4,68570517,C,T,0,0,0,0,0,0,0,0,0,0,0,0,0,0,0,0,0,0,0,0,0,0,0,0,0,0,0,1,0,0,0,0,0,0,0,0,0,0,0,0,0,1,0,0,0,0,0,0,0,0,0,0,0,0.318,0.018,0.018,0.031,0.027,-0.778,0.057,0.134,0.134,0.132,0.124,1,0,0,0,0,0,1,0,0,0,0,0,0
4,68647129,T,G,0,0,0,0,0,0,0,0,0,0,0,0,1,0,0,0,0,0,0,0,0,0,0,0,0,0,0,0,0,0,0,0,0,0,0,0,0,0,0,0,0,0,0,0,0,0,0,0,0,0,0,0,0.079,0.003,0,0,0,0,-0.867,-1.986,-3.328,-3.223,-2.865,-1.611,1,0,0,0,0,0,0,0,0,0,0,0,1
4,68670366,A,C,0,0,0,0,0,0,0,0,0,0,0,0,1,0,0,0,0,0,0,0,0,0,0,0,0,0,0,0,0,0,0,0,0,0,0,0,0,0,0,0,0,0,0,0,0,0,0,0,0,0,0,0,0.024,0.001,0.004,0,0,0,-0.917,0.005,-0.195,0.004,0.043,-2.775,1,1,0,0,0,0,0,0,0,0,0,0,0
4,69027986,A,G,0,0,0,0,0,0,0,0,0,0,0,0,0,0,0,0,0,0,0,0,0,0,0,0,0,0,1,0,0,0,0,0,0,0,0,0,0,0,0,0,0,0,0,0,0,0,0,0,0,0,0,0,0.061,0.073,0.005,0.008,0.068,0,-0.917,-2.637,-0.65,-1.691,-0.982,-4.607,0,0,1,0,0,0,0,0,0,0,0,0,0
4,69028136,G,A,0,0,0,0,0,0,0,0,0,0,0,0,0,0,0,0,0,0,0,0,0,0,0,0,0,0,1,0,0,0,0,0,0,0,0,0,0,0,0,0,0,0,0,0,0,0,0,0,0,0,0,0,0.004,0,0.004,0.005,0.003,0,-0.422,-2.129,-0.567,-0.247,0.169,-0.698,0,0,0,0,0,0,0,1,0,0,0,0,0
4,69062829,T,C,0,0,0,0,0,0,0,0,0,0,0,0,0,0,0,0,0,0,0,0,0,0,0,0,0,0,0,1,0,1,0,1,0,0,0,0,0,0,0,0,0,1,0,3566,1574,2570,0,0,0,0,0,0,0.004,0.061,0.004,0.004,0.002,0.003,-0.422,0.158,0.226,0.228,0.241,0.185,0,0,0,0,0,0,0,0,0,0,0,1,0
4,69081680,T,G,0,0,0,0,0,0,0,0,0,0,0,0,0,0,0,0,0,0,0,0,0,0,0,0,0,0,0,1,0,1,0,0,0,0,0,0,0,0,0,0,0,1,0,0,0,0,0,0,0,0,0,0,0.004,0.062,0.001,0.001,0.001,0,-0.422,-1.604,-1.941,-1.494,-1.344,-3.871,0,0,0,0,0,0,0,0,0,0,0,0,1
4,69095215,A,G,0,0,0,0,0,0,0,0,0,0,0,0,0,0,0,0,0,0,0,0,0,0,0,0,0,0,0,1,0,1,0,1,0,0,0,0,0,0,0,0,0,1,0,1304,1259,1272,0,0,0,0,0,0,0.004,0.139,0.001,0.001,0.001,0.001,-0.422,0.066,0.38,0.379,0.49,0.345,0,0,1,0,0,0,0,0,0,0,0,0,0
4,69095621,G,A,0,0,0,0,0,0,0,0,0,0,0,0,0,0,0,0,0,0,0,0,0,0,0,0,0,0,0,1,0,1,0,1,0,0,0,1,0,0,0,0,0,1,0,898,853,866,0,0,0,0,0,0,0.004,0.173,0.003,0.003,0.001,0.054,-0.422,-2.009,-0.477,-0.478,-0.291,-0.67,1,0,0,0,0,0,0,1,0,0,0,0,0
4,69096194,A,G,0,0,0,0,0,0,0,0,0,0,0,0,0,0,0,0,0,0,0,0,0,0,0,0,0,0,0,1,0,1,0,1,0,0,0,0,0,0,0,0,0,1,0,325,280,293,0,0,0,0,0,0,0.009,0.004,0,0,0,0,-0.206,-2.038,-1.43,-2.026,-2.353,-1.367,1,0,1,0,0,0,0,0,0,0,0,0,0
4,69096360,T,C,0,0,0,0,0,0,0,0,0,0,0,0,0,0,0,0,0,0,0,0,0,0,0,0,0,0,0,1,0,1,0,1,0,0,0,1,0,0,0,0,0,1,0,159,114,127,0,0,0,0,0,0,0.009,0,0,0,0,0,-0.206,-1.811,-1.66,-1.237,-0.581,-1.671,0,0,0,0,0,0,0,0,0,0,0,1,0
4,69096383,G,A,0,0,0,0,0,0,0,0,0,0,0,0,0,0,0,0,0,0,0,0,0,0,0,0,0,0,0,1,0,1,0,1,0,0,0,1,0,0,0,0,0,1,0,136,91,104,0,0,0,0,0,0,0.009,0.005,0.004,0.003,0.001,0,-0.206,0.848,0.371,0.543,-0.091,-1.376,1,0,0,0,0,0,0,1,0,0,0,0,0
4,69096396,T,C,0,0,0,0,0,0,0,0,0,0,0,0,0,0,0,0,0,0,0,0,0,0,0,0,0,0,0,1,0,1,0,1,0,0,0,1,0,0,0,0,0,1,0,123,78,91,0,0,0,0,0,0,0.009,0.024,0.003,0.004,0.007,0.001,-0.206,0.062,0.357,0.359,0.412,0.124,0,0,0,0,0,0,0,0,0,0,0,1,0
4,69096731,G,T,0,0,0,0,0,0,0,0,0,0,0,0,1,0,0,0,0,0,0,0,0,0,0,0,0,0,0,1,0,1,0,0,0,0,0,0,0,0,0,0,0,1,0,0,0,0,0.28,0.2,0.238,0.267,0.003,0.179,0.015,0.001,0,0,0,0,-0.574,-0.026,-2.508,-2.955,-3.834,-2.273,1,0,0,0,0,0,0,0,0,1,0,0,0
4,69096892,A,G,0,0,0,0,0,0,0,0,0,0,0,0,0,0,0,0,0,0,0,0,0,1,0,0,0,0,0,1,0,1,0,0,0,0,0,0,0,0,0,0,0,1,0,0,0,0,0,0,0,0,0,0,0.014,0.002,0.003,0,0.001,0,0.484,0.96,0.413,-0.099,0.129,-0.027,1,0,1,0,0,0,0,0,0,0,0,0,0
4,69097706,G,A,0,0,0,0,0,0,0,0,0,0,0,0,0,0,0,0,0,0,0,0,0,0,0,0,0,0,0,1,0,1,0,0,0,0,0,0,0,0,0,0,0,1,0,0,0,0,0,0,0,0,0,0,0,0.008,0,0,0,0,-0.422,-0.924,-3.759,-3.055,-2.016,-1.97,0,0,0,0,0,0,0,1,0,0,0,0,0
4,69098070,C,T,0,0,0,0,0,0,0,0,0,0,0,0,0,0,0,0,0,0,0,0,0,0,0,0,0,0,0,1,0,1,0,0,0,0,0,0,0,0,0,0,0,1,0,0,0,0,0,0,0,0,0,0,0.007,0,0,0,0,0,0.395,-2.061,-2.837,-1.87,-4.117,-5.043,0,0,0,0,0,0,1,0,0,0,0,0,0
4,69098226,A,G,0,0,0,0,0,0,0,0,0,0,0,0,0,0,0,0,0,0,0,0,0,0,0,0,0,0,0,1,0,1,0,0,0,0,0,0,0,0,0,0,0,1,0,0,0,0,0,0,0,0,0,0,0.29,0,0,0,0.001,0,0.484,-0.943,-0.474,-0.603,-0.576,-0.514,0,0,1,0,0,0,0,0,0,0,0,0,0
4,69098553,A,G,0,0,0,0,0,0,0,0,0,0,0,0,0,0,0,0,0,0,0,0,0,1,0,0,1,0,1,0,0,0,0,0,0,0,0,1,0,0,1,0,0,1,0,0,0,0,0,0,0,0,0,0,0.369,0.306,0.002,0.011,0.004,0.051,0.484,0.082,-0.442,-0.01,-0.254,0.276,1,0,1,0,0,0,0,0,0,0,0,0,0
4,69098619,A,T,0,0,0,0,0,0,0,0,0,0,0,0,0,0,0,0,0,0,0,0,0,1,0,0,0,0,1,0,0,0,0,0,0,0,0,1,0,0,1,0,0,1,0,0,0,0,0,0,0,0,0,0,0.022,0.258,0,0.001,0,0.014,-0.866,0.049,-2.753,-1.861,-2.62,-0.613,1,0,0,1,0,0,0,0,0,0,0,0,0
4,69098620,T,C,0,0,0,0,0,0,0,0,0,0,0,0,1,0,0,0,0,0,0,0,0,0,0,0,0,0,1,0,0,0,0,0,0,0,0,1,0,0,1,0,0,1,0,0,0,0,0.52,0.36,0.454285714,0,0,0,0.022,0.117,0.001,0.001,0,0.032,-0.474,-0.032,-0.586,-0.135,-0.405,2.008,1,0,0,0,0,0,0,0,0,0,0,1,0
4,69105219,A,C,0,0,0,0,0,0,0,0,0,0,0,0,0,0,0,0,0,0,0,0,0,0,0,0,0,0,0,1,0,1,0,0,0,0,0,0,0,0,0,0,0,1,0,0,0,0,0,0,0,0,0,0,0.022,0.002,0.001,0.001,0,0,-0.474,-0.208,-0.448,-0.189,-0.486,-0.673,0,1,0,0,0,0,0,0,0,0,0,0,0
4,69112090,T,C,0,0,0,0,0,0,0,0,0,0,0,0,0,0,0,0,0,0,0,0,0,0,0,0,0,0,0,1,0,1,0,0,1,0,0,0,0,0,0,0,0,1,0,3863,3863,3863,0,0,0,0,0,0,0.022,0.004,0,0,0.001,0,-0.474,-3.531,-3.447,-3.46,-1.801,-2.14,0,0,0,0,0,0,0,0,0,0,0,1,0
4,69113032,T,C,0,0,0,0,0,0,0,0,0,0,0,0,0,0,0,0,0,0,0,0,0,0,0,0,0,0,0,0,0,0,0,0,1,0,0,0,0,0,0,0,0,1,0,4805,45,694.125,0,0,0,0,0,0,0.007,0.006,0.029,0.005,0.001,0.045,-0.867,-0.188,0.361,-0.165,-0.532,0.273,0,0,0,0,0,0,0,0,0,0,0,1,0
4,69123281,G,A,0,0,0,0,0,0,0,0,0,0,0,0,0,0,0,0,0,0,0,0,0,0,0,0,0,0,0,0,0,0,0,1,0,0,0,0,0,0,0,0,0,0,0,1993,1993,1993,0,0,0,0,0,0,0.007,0.445,0.223,0.223,0.132,0.08,-0.867,0.06,0.282,0.279,0.333,0.326,0,0,0,0,0,0,0,1,0,0,0,0,0
4,88099782,G,A,0,0,0,0,0,0,0,0,0,0,0,0,0,0,0,0,0,0,0,0,0,0,0,0,0,0,0,1,0,0,0,0,0,0,0,0,0,0,1,0,0,0,0,0,0,0,0,0,0,0,0,0,0.017,0.004,0,0,0,0,0.498,-0.241,-0.557,-0.761,-2.037,-1.697,0,0,0,0,0,0,0,1,0,0,0,0,0
4,88104089,C,T,0,0,0,0,0,0,0,0,0,0,0,0,0,0,0,0,0,0,0,0,0,0,0,0,0,0,0,1,0,0,0,0,0,0,0,0,0,0,0,0,0,0,0,0,0,0,0,0,0,0,0,0,0.014,0.364,0.021,0.017,0.01,0.003,-0.776,0.057,-0.342,-0.343,-0.17,-0.466,0,0,0,0,0,0,1,0,0,0,0,0,0
4,88105276,A,C,0,0,0,0,0,0,0,0,0,0,0,0,0,0,0,0,0,0,0,0,0,0,0,0,0,0,0,1,0,0,0,0,0,0,0,0,0,0,1,0,0,0,0,0,0,0,0,0,0,0,0,0,0.112,0.152,0.011,0.02,0.034,0,0.585,0.391,0.498,0.654,1.087,0.045,1,1,0,0,0,0,0,0,0,0,0,0,0
4,88107326,T,A,0,0,0,0,0,0,0,0,0,0,0,0,0,0,0,0,0,0,0,0,0,0,0,0,0,0,0,1,0,0,0,0,0,0,0,0,0,0,1,0,0,0,0,0,0,0,0,0,0,0,0,0,0.005,0.017,0.001,0,0,0,0.669,0.65,-1.488,-0.848,-1.298,-0.954,0,0,0,0,0,0,0,0,0,0,1,0,0
4,88108100,A,C,0,0,0,0,0,0,0,0,0,0,0,0,0,0,0,0,0,0,0,0,0,0,0,0,0,0,0,1,0,0,0,0,0,0,0,0,0,0,1,0,0,0,0,0,0,0,0,0,0,0,0,0,0.002,0.023,0.001,0.001,0.001,0,-0.331,-1.672,-0.177,0.014,0.07,0.059,0,1,0,0,0,0,0,0,0,0,0,0,0
4,88109689,T,G,0,0,0,0,0,0,0,0,0,0,0,0,0,0,0,0,0,0,0,0,0,0,0,0,0,0,0,1,0,0,0,0,0,0,0,0,0,0,1,0,0,0,0,0,0,0,0,0,0,0,0,0,0,0.001,0.004,0,0.001,0,-1.372,-1.516,-0.12,-0.897,-0.292,-0.132,1,0,0,0,0,0,0,0,0,0,0,0,1
4,88109768,C,G,0,0,0,0,0,0,0,0,0,0,0,0,0,0,0,0,0,0,0,0,0,0,0,0,0,0,0,1,0,0,0,0,0,0,0,0,0,0,1,0,0,0,0,0,0,0,0,0,0,0,0,0,0.023,0.051,0.111,0.058,0.007,0,0.393,-0.814,0.523,-0.108,-0.873,-2.711,0,0,0,0,0,1,0,0,0,0,0,0,0
4,88122482,G,C,0,0,0,0,0,0,0,0,0,0,0,0,0,0,0,0,0,0,0,0,0,0,0,0,0,0,0,1,0,0,0,0,0,0,0,0,0,0,1,0,0,0,0,0,0,0,0,0,0,0,0,0,0.023,0.044,0.001,0.001,0.001,0.001,0.393,-2.345,-1.607,-1.605,-1.245,-1.689,1,0,0,0,0,0,0,0,1,0,0,0,0
4,88129846,A,G,0,0,0,0,0,0,0,0,0,0,0,0,0,0,0,0,0,0,0,0,0,0,0,0,0,0,0,1,0,0,0,0,1,0,0,0,0,0,0,0,0,1,0,1998,1998,1998,0,0,0,0,0,0,0.091,0.002,0.244,0.004,0.001,0,0.39,-0.602,0.295,-0.477,-0.219,0.354,0,0,1,0,0,0,0,0,0,0,0,0,0
4,88131171,G,T,0,0,0,0,0,0,0,0,0,0,0,0,1,0,0,0,0,0,0,0,0,0,0,0,0,0,0,0,0,0,0,0,1,0,0,0,0,0,0,0,0,1,0,673,673,673,0.28,0.19,0.258333333,0.226,0.009,0.1885,0.998,1,0.995,1,1,0.988,0.606,0.897,0.674,1.048,1.176,1.819,1,0,0,0,0,0,0,0,0,1,0,0,0
4,88131805,G,A,0,0,0,1,0,0,0,0,0,0,0,0,0,0,0,1,0,0,0,0,0,0,0,0,0,0,0,0,0,0,0,0,1,0,0,0,0,0,0,0,0,1,0,39,39,39,0,0,0,0,0,0,0.8,0.994,0.976,0.986,0.993,1,0.606,0.897,0.674,0.953,1.176,6.077,0,0,0,0,0,0,0,1,0,0,0,0,0
4,88133515,A,G,0,0,0,0,0,0,0,0,0,0,0,0,0,0,0,0,0,0,0,0,0,0,0,0,0,0,0,1,0,0,0,0,0,0,0,0,0,0,0,0,0,1,0,0,0,0,0,0,0,0,0,0,0.006,0.01,0.01,0.006,0.012,0,-0.582,-0.336,-1.152,-1.294,-0.585,-1.805,0,0,1,0,0,0,0,0,0,0,0,0,0
4,88134227,G,A,0,0,0,0,0,0,0,0,0,0,0,0,0,0,0,0,0,0,0,0,0,0,0,0,0,0,0,1,0,0,0,0,0,0,0,0,0,0,0,0,0,1,0,0,0,0,0,0,0,0,0,0,0.159,0.32,0.002,0.004,0.086,0.002,0.414,0.345,-0.185,-0.079,0.608,0.073,0,0,0,0,0,0,0,1,0,0,0,0,0
4,88139962,C,T,0,0,0,0,0,0,0,0,0,0,0,0,1,0,0,0,0,0,0,0,0,0,0,0,0,0,0,0,0,0,0,0,0,0,0,0,0,0,0,0,0,1,0,0,0,0,0,0,0,0.007,0.003,0.005,0.052,0.106,0.433,0.184,0.257,0.123,-0.173,-0.416,-0.784,-0.346,-0.549,0.21,0,0,0,0,0,0,1,0,0,0,0,0,0
4,88140113,C,T,0,0,0,0,0,0,0,0,0,0,0,0,0,0,0,0,0,0,0,0,0,0,0,0,0,0,0,1,0,0,0,0,0,0,0,0,0,0,0,0,0,1,0,0,0,0,0,0,0,0,0,0,0.004,0,0.001,0,0,0,0.393,-0.722,-0.255,-0.141,-1.247,-2.316,0,0,0,0,0,0,1,0,0,0,0,0,0
4,88140758,C,A,0,0,0,0,0,0,0,0,0,0,0,0,0,0,0,0,0,0,0,0,0,0,0,0,0,0,0,1,0,0,0,0,0,0,0,0,0,0,0,0,0,1,0,0,0,0,0,0,0,0,0,0,0.006,0.003,0,0,0,0,0.575,0.524,-0.45,-0.018,-0.033,0.23,1,0,0,0,1,0,0,0,0,0,0,0,0
4,88143429,A,C,0,0,0,0,0,0,0,0,0,0,0,0,0,0,0,0,0,0,0,0,0,0,0,0,0,0,0,1,0,0,0,0,0,0,0,0,0,0,1,0,0,1,0,0,0,0,0,0,0,0,0,0,0.446,0.024,0.705,0.724,0.44,0.003,0.585,-0.919,0.41,0.706,0.907,-0.046,0,1,0,0,0,0,0,0,0,0,0,0,0
4,88143450,C,T,0,0,0,0,0,0,0,0,0,0,0,0,0,0,0,0,0,0,0,0,0,0,0,0,0,0,0,1,0,0,0,0,0,0,0,0,0,0,1,0,0,1,0,0,0,0,0,0,0,0,0,0,0.065,0.074,0.795,0.56,0.605,0.009,-0.575,-1.221,-0.501,-0.793,-0.516,-0.782,0,0,0,0,0,0,1,0,0,0,0,0,0
4,88144923,C,T,0,0,0,0,0,0,0,0,0,0,0,0,0,0,0,0,0,0,0,0,0,0,0,0,0,0,0,1,0,0,0,0,0,0,0,1,0,0,1,0,0,1,0,0,0,0,0,0,0,0,0,0,0.065,0.128,0.001,0.001,0,0,-0.575,0.057,-1.548,-1.536,-1.747,-1.038,0,0,0,0,0,0,1,0,0,0,0,0,0
4,88147303,G,T,0,0,0,0,0,0,0,0,0,0,0,0,0,0,0,0,0,0,0,0,0,0,0,0,0,0,0,1,0,0,0,0,0,0,0,0,0,0,1,0,0,1,0,0,0,0,0,0,0,0,0,0,0.065,0.007,0.005,0.005,0.007,0.013,-0.575,-0.834,-0.257,-0.261,-0.208,0.935,0,0,0,0,0,0,0,0,0,1,0,0,0
4,88157772,T,C,0,0,0,0,0,0,0,0,0,0,0,0,0,0,0,0,0,0,0,0,0,0,0,0,0,0,0,1,0,0,0,0,1,0,0,0,0,0,1,0,0,1,0,614,614,614,0,0,0,0,0,0,0.016,0.001,0,0,0,0,0.308,-2.049,-1.235,-0.896,-0.759,-1.732,0,0,0,0,0,0,0,0,0,0,0,1,0
4,88162514,T,C,0,0,0,0,0,0,0,0,0,0,0,0,0,0,0,0,0,0,0,0,0,0,0,0,0,0,0,1,0,0,0,1,0,0,0,0,0,0,1,0,0,1,0,3875,1065,3299.818182,0,0,0,0,0,0,0.016,0.001,0.111,0.002,0.003,0,0.308,-0.624,0.358,-0.25,-0.239,-0.258,0,0,0,0,0,0,0,0,0,0,0,1,0
4,88169725,T,C,0,0,0,0,0,0,0,0,0,0,0,0,0,0,0,0,0,0,0,0,0,0,0,0,0,0,0,1,0,0,0,0,0,0,0,0,0,0,0,0,0,0,0,0,0,0,0,0,0,0,0,0,0.004,0.102,0.002,0.002,0.004,0.001,-0.776,-2.049,-0.249,-0.243,-0.178,-0.452,0,0,0,0,0,0,0,0,0,0,0,1,0
4,88174909,G,A,0,0,0,0,0,0,0,0,0,0,0,0,0,0,0,0,0,0,0,0,0,0,0,0,0,0,0,1,0,0,0,0,0,0,0,0,0,0,0,0,0,0,0,0,0,0,0,0,0,0,0,0,0.004,0.376,0.147,0.122,0.22,0.31,-0.776,0.06,0.233,0.239,0.282,0.227,1,0,0,0,0,0,0,1,0,0,0,0,0
6,160120141,G,A,0,0,0,0,0,0,0,0,0,0,0,0,0,0,0,0,0,0,0,0,0,0,0,0,0,0,0,1,0,1,0,1,0,0,0,0,0,0,0,0,0,0,0,1795,1674,1723.666667,0,0,0,0,0,0,0.004,0.309,0.225,0.225,0.218,0.203,-0.776,0.06,0.171,0.169,0.17,0.171,0,0,0,0,0,0,0,1,0,0,0,0,0
6,160122091,T,C,0,0,0,0,0,0,0,0,0,0,0,0,0,0,0,0,0,0,0,0,0,1,0,0,0,0,0,0,1,0,0,1,0,0,0,0,0,0,0,0,0,0,0,396,396,396,0,0,0,0,0,0,0.783,0.017,0.005,0.004,0.024,0.959,-0.712,-1.025,-0.171,-0.302,-0.214,0.15,0,0,0,0,0,0,0,0,0,0,0,1,0
6,160122116,C,T,0,0,0,0,0,0,0,0,0,0,0,0,1,0,0,0,0,0,0,0,0,0,0,0,0,0,0,0,1,0,0,1,0,0,0,0,0,0,0,0,0,0,0,421,421,421,0,0,0,0.985,0.974,0.980375,0.975,0.964,0.933,0.799,0.992,0.223,0.575,0.871,0.599,0.071,1.026,0.323,1,0,0,0,0,0,1,0,0,0,0,0,0
6,160122197,T,C,0,0,0,0,0,0,0,0,0,0,0,0,1,0,0,0,0,0,0,0,0,0,0,0,0,0,0,0,1,0,0,1,0,0,0,0,0,0,0,0,0,0,0,502,502,502,0,0,0,0,0,0,0.025,0.374,0.48,0.056,0.33,1,0.669,0.991,0.665,1.061,1.138,7.376,1,0,0,0,0,0,0,0,0,0,0,1,0
6,160122530,G,A,0,0,0,0,0,0,0,0,0,0,0,0,0,0,0,0,0,0,0,0,0,0,0,0,0,0,0,1,1,0,0,1,0,0,0,0,0,0,0,0,0,0,0,835,835,835,0,0,0,0,0,0,0.235,0.002,0.235,0.004,0.008,0.009,0.412,-0.094,0.614,0.898,1.071,0.658,0,0,0,0,0,0,0,1,0,0,0,0,0
6,160130172,G,C,0,0,0,0,0,0,0,0,0,0,0,0,1,0,0,0,0,0,0,0,0,0,0,0,1,0,0,1,1,0,0,0,0,0,0,0,0,0,0,0,0,1,0,0,0,0,0,0,0,0.049,0.003,0.023285714,0.167,0.507,0.006,0.2,0.066,0.003,-1.11,-0.616,-0.981,-0.512,-0.752,-0.013,0,0,0,0,0,0,0,0,1,0,0,0,0
6,160136611,C,T,0,0,0,0,0,0,0,0,0,0,0,0,1,0,0,0,0,0,0,0,0,0,0,0,0,1,0,0,1,0,0,0,1,0,0,0,0,0,0,0,0,1,0,2604,2604,2604,0.01,0.01,0.01,0.971,0.951,0.963285714,0.539,0.104,0.001,0.004,0.001,0.934,0.473,0.871,0.599,0.852,1.026,4.276,0,0,0,0,0,0,1,0,0,0,0,0,0
6,160139792,G,A,0,0,0,0,0,0,0,0,0,0,0,0,1,0,0,0,0,0,0,0,0,0,0,0,0,1,0,1,1,0,0,0,0,0,0,0,0,0,1,0,0,0,0,0,0,0,0.02,0.01,0.013333333,0,0,0,0.286,0.789,0.007,0.014,0.035,1,0.498,0.917,0.676,0.953,1.176,9.324,1,0,0,0,0,0,0,1,0,0,0,0,0
6,160139813,A,G,0,0,0,0,0,0,0,0,0,0,0,0,1,0,0,0,0,0,0,0,0,0,0,0,0,1,0,1,1,0,0,0,0,0,0,0,0,0,1,0,0,0,0,0,0,0,0.82,0.71,0.78,0,0,0,0.085,0,0.005,0.002,0.001,0,-0.544,-0.666,-0.701,-0.916,-0.798,-2.479,1,0,1,0,0,0,0,0,0,0,0,0,0
6,160151834,C,A,0,0,0,0,0,0,0,0,0,0,0,0,0,0,0,0,0,0,0,0,0,0,0,0,0,0,0,1,1,0,0,1,0,0,0,0,0,0,0,0,0,0,0,4120,4120,4120,0,0,0,0,0,0,0.085,0.151,0.001,0.001,0.002,0,-0.544,-1.971,-0.244,-0.241,-0.156,-0.39,0,0,0,0,1,0,0,0,0,0,0,0,0
6,160154805,G,A,0,0,0,0,0,0,0,0,0,0,0,0,1,0,0,0,0,0,0,0,0,0,0,0,0,1,0,1,1,0,0,1,0,0,0,0,0,0,0,0,0,0,0,1149,1149,1149,0,0,0,0.983,0.983,0.983,0.16,0.96,0.381,0.228,0.048,1,-0.208,0.917,0.676,0.953,1.176,4.19,1,0,0,0,0,0,0,1,0,0,0,0,0
7,87504050,T,C,0,0,0,0,0,0,0,0,0,0,0,0,0,0,0,0,0,0,0,0,0,0,0,0,0,1,1,0,0,0,0,0,1,0,0,0,0,0,0,0,0,0,0,1852,106,979,0,0,0,0,0,0,0.026,0,0.002,0.004,0,0,0.669,-0.533,-0.219,-0.358,-0.739,-1.22,1,0,0,0,0,0,0,0,0,0,0,1,0
7,87504631,C,A,0,0,0,0,0,0,0,0,0,0,0,0,0,0,0,0,0,0,0,0,0,0,0,0,0,0,0,1,0,1,0,0,1,0,0,0,0,0,0,0,0,0,0,1271,1271,1271,0,0,0,0,0,0,0.026,0.016,0.003,0.003,0.004,0.037,0.669,0.143,-0.817,-0.819,-0.714,0.215,0,0,0,0,1,0,0,0,0,0,0,0,0
7,87504677,T,C,0,0,0,0,0,0,0,0,0,0,0,0,0,0,0,0,0,0,0,0,0,0,0,0,0,0,0,1,0,1,0,0,1,0,0,0,0,0,0,0,0,0,0,1225,1225,1225,0,0,0,0,0,0,0.026,0.028,0.002,0.002,0.003,0.001,0.669,0.158,-1.898,-1.891,-1.708,-1.755,0,0,0,0,0,0,0,0,0,0,0,1,0
7,87509195,G,A,0,0,0,0,0,0,0,0,0,0,0,0,0,0,0,0,0,0,0,0,0,0,0,0,0,0,0,1,0,1,0,1,0,0,0,0,0,0,0,0,0,0,0,3054,3054,3054,0,0,0,0,0,0,0.029,0,0.009,0.012,0.001,0.001,-0.476,-1.783,-0.092,0.077,0.17,0.833,0,0,0,0,0,0,0,1,0,0,0,0,0
7,87509216,A,C,0,0,0,0,0,0,0,0,0,0,0,0,0,0,0,0,0,0,0,0,0,0,0,0,0,0,0,1,0,1,0,1,0,0,0,0,0,0,0,0,0,0,0,3075,3075,3075,0,0,0,0,0,0,0.061,0.023,0.006,0.004,0.023,0.031,0.483,0.423,0.756,0.064,1.118,2.615,1,1,0,0,0,0,0,0,0,0,0,0,0
7,87509329,A,C,0,0,0,0,0,0,0,0,0,0,0,0,1,0,0,0,0,0,0,0,0,0,0,0,0,0,1,0,0,0,0,1,0,0,0,0,0,0,0,0,0,0,0,3188,3188,3188,0.02,0.02,0.02,0.998,0.783,0.963714286,0.988,0.876,0.099,0.208,0.003,0,-0.142,-1.926,-2.572,-2.925,-2.283,-2.52,0,1,0,0,0,0,0,0,0,0,0,0,0
7,87509329,A,G,0,0,0,0,0,0,0,0,0,0,0,0,0,0,0,0,0,0,0,0,0,1,0,0,0,0,1,0,0,0,0,1,0,0,0,0,0,0,0,0,0,0,0,3188,3188,3188,0,0,0,0,0,0,0.988,0.876,0.099,0.208,0.003,0,-0.142,-1.926,-2.572,-2.925,-2.283,-2.52,1,0,1,0,0,0,0,0,0,0,0,0,0
7,87509329,A,T,0,0,0,0,0,0,0,0,0,0,0,0,0,0,0,0,0,0,0,0,0,1,0,0,0,0,1,0,0,0,0,1,0,0,0,0,0,0,0,0,0,0,0,3188,3188,3188,0,0,0,0,0,0,0.988,0.876,0.099,0.208,0.003,0,-0.142,-1.926,-2.572,-2.925,-2.283,-2.52,0,0,0,1,0,0,0,0,0,0,0,0,0
7,87510000,A,G,0,0,0,0,0,0,0,0,0,0,0,0,0,0,0,0,0,0,0,0,0,0,0,0,0,0,0,1,0,1,0,1,0,0,0,0,0,0,0,0,0,0,0,3859,3859,3859,0,0,0,0,0,0,0.001,0.013,0.372,0.004,0.001,0,-0.718,0.722,0.756,-0.115,-0.125,-0.024,0,0,1,0,0,0,0,0,0,0,0,0,0
7,87511492,A,G,0,0,0,0,0,0,0,0,0,0,0,0,0,0,0,0,0,0,0,0,0,0,0,0,0,0,0,1,0,1,0,0,1,0,0,0,0,0,1,0,0,0,0,3736,3736,3736,0,0,0,0,0,0,0.586,0.596,0.117,0.555,0.867,0.832,0.714,0.722,0.756,1.088,1.312,0.937,0,0,1,0,0,0,0,0,0,0,0,0,0
7,87512498,T,C,0,0,0,0,0,0,0,0,0,0,0,0,0,0,0,0,0,0,0,0,0,0,0,0,0,0,0,1,0,1,0,0,1,0,0,0,0,0,0,0,0,0,0,4011,2730,3370.5,0,0,0,0,0,0,0.045,0.009,0.002,0.004,0.001,0,-0.611,-1.324,-0.171,-0.019,0.012,0.185,0,0,0,0,0,0,0,0,0,0,0,1,0
7,87519012,C,T,0,0,0,0,0,0,0,0,0,0,0,0,0,0,0,0,0,0,0,0,0,0,0,0,0,0,0,1,0,1,0,1,0,0,0,0,0,0,0,0,0,0,0,2449,49,1249,0,0,0,0,0,0,0.335,0.139,0.168,0.448,0.004,0,0.393,0.356,-1.101,-0.656,-1.073,0.554,0,0,0,0,0,0,1,0,0,0,0,0,0
7,87520606,C,T,0,0,0,0,0,0,0,0,0,0,0,0,0,0,0,0,0,0,0,0,0,0,0,0,0,0,0,1,0,1,0,1,0,0,0,0,0,0,0,0,0,0,0,1643,855,1249,0,0,0,0,0,0,0.105,0.015,0.402,0.176,0.106,0,0.575,0.871,0.58,0.919,1.01,-0.633,0,0,0,0,0,0,1,0,0,0,0,0,0
7,87522787,A,G,0,0,0,0,0,0,0,0,0,0,0,0,0,0,0,0,0,0,0,0,0,0,0,0,0,0,0,1,0,1,0,1,1,0,0,0,0,0,0,0,0,0,0,3824,377,1956.333333,0,0,0,0,0,0,0.325,0.006,0.006,0.004,0.005,0,0.484,0.96,0.691,0.915,1.095,-0.115,1,0,1,0,0,0,0,0,0,0,0,0,0
7,87524269,A,C,0,0,0,0,0,0,0,0,0,0,0,0,0,0,0,0,0,0,0,0,0,0,0,0,0,0,0,1,0,1,0,1,1,0,0,0,0,0,0,0,0,0,0,3150,1859,2504.5,0,0,0,0,0,0,0.006,0.001,0.067,0.002,0,0,0.326,-0.504,0.756,-0.012,-0.019,0.745,1,1,0,0,0,0,0,0,0,0,0,0,0
7,87527735,G,A,0,0,0,0,0,0,0,0,0,0,0,0,0,0,0,0,0,0,0,0,0,0,0,0,0,0,0,1,0,1,0,0,0,0,0,0,0,0,0,0,0,0,0,0,0,0,0,0,0,0,0,0,0.006,0.076,0.019,0.019,0.04,0.011,0.326,-1.653,-0.411,-0.413,-0.291,-0.539,1,0,0,0,0,0,0,1,0,0,0,0,0
7,87531245,A,G,0,0,0,0,0,0,0,0,0,0,0,0,0,0,0,0,0,0,0,0,0,0,0,0,0,0,0,1,0,1,0,0,0,0,0,0,0,0,0,0,0,0,0,0,0,0,0,0,0,0,0,0,0,0.01,0.15,0.003,0.074,0,-0.175,0.722,0.691,0.149,1.312,0.276,1,0,1,0,0,0,0,0,0,0,0,0,0
7,87531302,A,C,0,0,0,0,0,0,0,0,0,0,0,0,1,0,0,0,0,0,0,0,0,0,0,0,0,0,1,0,0,0,0,0,0,0,0,0,0,0,0,0,0,0,0,0,0,0,0,0,0,0.005,0.001,0.001571429,0.945,0.988,0.982,0.985,0.995,1,-1.245,-1.295,-0.234,-0.466,-0.305,2.216,1,1,0,0,0,0,0,0,0,0,0,0,0
7,87531302,A,T,0,0,0,0,0,0,0,0,0,0,0,0,1,0,0,0,0,0,0,0,0,0,0,0,0,0,1,0,0,0,0,0,0,0,0,0,0,0,0,0,0,0,0,0,0,0,0,0,0,0.02,0.001,0.015142857,0.945,0.988,0.982,0.985,0.995,1,-1.245,-1.295,-0.234,-0.466,-0.305,2.216,1,0,0,1,0,0,0,0,0,0,0,0,0
7,87531733,T,C,0,0,0,0,0,0,0,0,0,0,0,0,0,0,0,0,0,0,0,0,0,0,0,0,0,0,0,1,0,1,0,1,0,0,0,0,0,0,0,0,0,0,0,36,36,36,0,0,0,0,0,0,0.005,0.004,0.001,0.001,0,0,0.453,0.397,-0.203,0.002,-0.436,-0.175,1,0,0,0,0,0,0,0,0,0,0,1,0
7,87532204,T,C,0,0,0,0,0,0,0,0,0,0,0,0,0,0,0,0,0,0,0,0,0,0,0,0,0,0,0,1,0,1,0,1,0,0,0,0,0,0,0,0,0,0,0,507,507,507,0,0,0,0,0,0,0.019,0.034,0.004,0.003,0.003,0.002,0.453,0.158,0.665,0.786,0.767,0.148,1,0,0,0,0,0,0,0,0,0,0,1,0
7,87533733,C,T,0,0,0,0,0,0,0,0,0,0,0,0,0,0,0,0,0,0,0,0,0,0,0,0,0,0,0,1,0,1,0,1,0,0,0,0,0,0,0,0,0,0,0,2036,2036,2036,0,0,0,0,0,0,0.032,0.066,0,0,0.002,0,0.319,-1.714,-1.037,-1.027,-0.377,-1.14,0,0,0,0,0,0,1,0,0,0,0,0,0
7,87535033,A,G,0,0,0,0,0,0,0,0,0,0,0,0,0,0,0,0,0,0,0,0,0,0,0,0,0,0,0,1,0,1,0,1,0,0,0,0,0,0,0,0,0,0,0,3336,3336,3336,0,0,0,0,0,0,0.078,0.007,0.249,0.019,0.02,0.015,0.714,0.722,0.587,0.939,1.005,0.672,0,0,1,0,0,0,0,0,0,0,0,0,0
7,87535576,T,A,0,0,0,0,0,0,0,0,0,0,0,0,0,0,0,0,0,0,0,0,0,0,0,0,0,0,0,1,0,1,0,1,0,0,0,0,0,0,0,0,0,0,0,3879,3879,3879,0,0,0,0,0,0,0.464,0.067,0.393,0.314,0.037,0.015,0,-1.99,-0.436,-0.436,-0.298,-0.566,0,0,0,0,0,0,0,0,0,0,1,0,0
7,87535670,A,G,0,0,0,0,0,0,0,0,0,0,0,0,0,0,0,0,0,0,0,0,0,0,0,0,0,0,0,1,0,1,0,1,0,0,0,0,0,0,0,0,0,0,0,3973,3973,3973,0,0,0,0,0,0,0.001,0,0.001,0.001,0.001,0,-0.142,-1.449,-0.784,-0.886,-0.684,-0.976,1,0,1,0,0,0,0,0,0,0,0,0,0
7,87536434,C,T,0,0,0,0,0,0,0,0,0,0,0,0,0,0,0,0,0,0,0,0,0,0,0,0,0,0,0,1,0,1,0,1,0,0,0,0,0,0,0,0,0,0,0,4737,4737,4737,0,0,0,0,0,0,0.001,0.218,0.114,0.032,0.028,0,-0.325,0.871,0.599,0.935,0.126,0.161,1,0,0,0,0,0,1,0,0,0,0,0,0
7,87540040,C,T,0,0,0,0,0,0,0,0,0,0,0,0,0,0,0,0,0,0,0,0,0,0,0,0,0,0,0,1,0,0,0,1,0,0,0,0,0,0,0,0,0,0,0,2978,2978,2978,0,0,0,0,0,0,0.009,0.042,0.007,0,0.004,0,-0.238,-0.31,-0.245,-1.105,-0.389,-0.88,1,0,0,0,0,0,1,0,0,0,0,0,0
7,87541836,T,C,0,0,0,0,0,0,0,0,0,0,0,0,0,0,0,0,0,0,0,0,0,0,0,0,0,0,0,1,0,0,0,1,1,0,0,0,0,0,0,0,0,0,0,4774,4113,4443.5,0,0,0,0,0,0,0.003,0.006,0.001,0.001,0,0.001,-0.565,0.158,-0.147,-0.046,-0.041,0.644,1,0,0,0,0,0,0,0,0,0,0,1,0
7,87542820,T,C,0,0,0,0,0,0,0,0,0,0,0,0,0,0,0,0,0,0,0,0,0,0,0,0,0,0,0,1,0,0,0,0,1,0,0,0,0,0,0,0,0,0,0,3129,3129,3129,0,0,0,0,0,0,0.01,0.001,0.003,0,0.015,0,0.453,-2.512,-0.764,-1.11,-0.373,-1.509,0,0,0,0,0,0,0,0,0,0,0,1,0
7,87544351,A,T,0,0,0,0,0,0,0,0,0,0,0,0,0,0,0,0,0,0,0,0,0,0,0,0,0,0,0,1,0,0,0,0,1,0,0,0,0,0,0,0,0,0,0,1598,1598,1598,0,0,0,0,0,0,0.028,0.001,0.001,0.001,0.001,0,0,-0.555,-0.188,-0.072,0.032,-0.96,0,0,0,1,0,0,0,0,0,0,0,0,0
7,87545955,C,T,0,0,0,0,0,0,0,0,0,0,0,0,1,0,0,0,0,0,0,0,0,0,0,0,0,0,1,0,0,0,0,0,0,0,0,0,0,0,0,0,0,0,0,0,0,0,0.01,0.01,0.01,0.519,0.01,0.382428571,0.995,0.997,0.96,0.999,0.999,1,0.575,0.871,0.599,0.935,1.026,6.151,0,0,0,0,0,0,1,0,0,0,0,0,0
7,87549310,C,T,0,0,0,0,0,0,0,0,0,0,0,0,0,0,0,0,0,0,0,0,0,0,0,0,0,0,0,1,0,1,0,0,0,0,0,0,0,0,0,0,0,0,0,0,0,0,0,0,0,0,0,0,0.013,0.065,0.042,0.21,0.052,0,0.575,0.033,-0.176,0.07,0.13,-0.179,0,0,0,0,0,0,1,0,0,0,0,0,0
7,87549770,G,A,0,0,0,0,0,0,0,0,0,0,0,0,0,0,0,0,0,0,0,0,0,0,0,0,0,0,0,1,0,1,0,0,0,0,0,0,0,0,0,0,0,0,0,0,0,0,0,0,0,0,0,0,0.002,0.061,0.002,0.003,0.001,0,0.606,0.917,0.676,1.048,0.221,-0.072,0,0,0,0,0,0,0,1,0,0,0,0,0
7,87549827,A,G,0,0,0,0,0,0,0,0,0,0,0,0,0,0,0,0,0,0,0,0,0,0,0,0,0,0,0,1,0,1,0,0,0,0,0,0,0,0,0,0,0,0,0,0,0,0,0,0,0,0,0,0,0,0.014,0.772,0.001,0.189,0,-1.411,-0.529,-0.754,-1.007,-0.676,-1.453,0,0,1,0,0,0,0,0,0,0,0,0,0
7,87550127,G,A,0,0,0,0,0,0,0,0,0,0,0,0,0,0,0,0,0,0,0,0,0,0,0,0,0,0,1,1,0,0,0,0,0,0,0,0,0,0,0,0,0,0,0,0,0,0,0,0,0,0,0,0,0,0.001,0.004,0.004,0.008,0,-1.827,0.045,-0.116,0.208,0.289,-0.336,0,0,0,0,0,0,0,1,0,0,0,0,0
7,87550285,A,G,0,0,0,0,0,0,0,0,0,0,0,0,0,0,0,0,0,0,0,0,0,1,0,0,0,0,0,0,0,0,0,1,0,0,0,0,0,0,0,0,0,0,0,127,127,127,0,0,0,0,0,0,0.869,0.99,0.207,0.936,0.978,0.691,-1.701,-0.666,-0.77,-0.795,-0.589,-0.153,1,0,1,0,0,0,0,0,0,0,0,0,0
7,87550493,C,T,0,0,0,0,0,0,0,0,0,0,0,0,1,0,0,0,0,0,0,0,0,0,0,0,0,0,0,0,0,0,0,1,0,0,0,0,0,0,0,0,0,0,0,335,335,335,0.64,0.53,0.621428571,0,0,0,1,0.999,1,1,0.998,0.913,0.575,-0.064,0.599,0.935,-0.235,0.07,0,0,0,0,0,0,1,0,0,0,0,0,0
7,87550882,C,A,0,0,0,0,0,0,0,0,0,0,0,0,0,0,0,0,0,0,0,0,0,0,0,0,0,0,0,1,0,0,0,1,0,0,0,0,0,0,0,0,0,0,0,724,724,724,0,0,0,0,0,0,0,0,0.003,0,0,0,-0.701,-1.001,-1.714,-1.47,-1.353,-0.701,0,0,0,0,1,0,0,0,0,0,0,0,0
7,87550882,C,T,0,0,0,0,0,0,0,0,0,0,0,0,0,0,0,0,0,0,0,0,0,0,0,0,0,0,0,1,0,0,0,1,0,0,0,0,0,0,0,0,0,0,0,724,724,724,0,0,0,0,0,0,0,0,0.003,0,0,0,-0.701,-1.001,-1.714,-1.47,-1.353,-0.701,1,0,0,0,0,0,1,0,0,0,0,0,0
7,87552102,C,A,0,0,0,0,0,0,0,0,0,0,0,0,0,0,0,0,0,0,0,0,0,0,0,0,0,0,0,1,0,0,0,1,0,0,0,0,0,0,0,0,0,0,0,1944,1944,1944,0,0,0,0,0,0,0.002,0.364,0.502,0.738,0.629,0,-1.215,-0.548,0.599,0.7,0.795,-0.49,0,0,0,0,1,0,0,0,0,0,0,0,0
7,87560614,T,G,0,0,0,0,0,0,0,0,0,0,0,0,0,0,0,0,0,0,0,0,0,0,0,0,0,0,0,1,0,0,0,0,0,0,0,0,0,0,1,0,0,0,0,0,0,0,0,0,0,0,0,0,0.001,0.005,0.012,0.013,0.008,0,-0.86,-3.161,-0.711,-0.347,-0.499,-0.315,0,0,0,0,0,0,0,0,0,0,0,0,1
7,87565790,C,T,0,0,0,0,0,0,0,0,0,0,0,0,0,0,0,0,0,0,0,0,0,0,0,0,0,0,0,1,0,0,0,0,0,0,0,0,0,0,0,0,0,0,0,0,0,0,0,0,0,0,0,0,0.066,0.012,0,0,0,0,0,-1.827,-2.056,-2.033,-2.761,-1.376,0,0,0,0,0,0,1,0,0,0,0,0,0
7,87570248,C,A,0,0,0,0,0,0,0,0,0,0,0,0,0,0,0,0,0,0,0,0,0,0,0,0,0,0,0,1,0,0,0,0,0,0,0,0,0,0,1,0,0,0,0,0,0,0,0,0,0,0,0,0,0.279,0.515,0.914,0.572,0.725,0,-1.849,-0.307,-0.182,0.013,0.083,-1.26,1,0,0,0,1,0,0,0,0,0,0,0,0
7,87573299,C,T,0,0,0,0,0,0,0,0,0,0,0,0,0,0,0,0,0,0,0,0,0,0,0,0,0,0,0,1,0,0,0,0,0,0,0,0,0,0,0,0,0,0,0,0,0,0,0,0,0,0,0,0,0.042,0.016,0.008,0.003,0.014,0,0.319,-2.014,-0.862,-0.47,-0.688,-0.386,0,0,0,0,0,0,1,0,0,0,0,0,0
7,87581729,T,C,0,0,0,0,0,0,0,0,0,0,0,0,0,0,0,0,0,0,0,0,0,0,0,0,0,0,0,1,0,0,0,0,1,0,0,0,0,0,0,0,0,1,0,3925,3925,3925,0,0,0,0,0,0,0.008,0.063,0.075,0.021,0.267,0.022,0.368,0.617,0.665,0.891,0.97,1.936,0,0,0,0,0,0,0,0,0,0,0,1,0
7,87587501,G,T,0,0,0,0,0,0,0,0,0,0,0,0,0,0,0,0,0,0,0,0,0,0,0,0,0,0,0,1,0,0,0,0,0,0,0,0,0,0,0,0,0,1,0,0,0,0,0,0,0,0,0,0,0.02,0.002,0.298,0.192,0.27,0.009,0.498,-0.045,0.676,0.953,1.07,0.474,1,0,0,0,0,0,0,0,0,1,0,0,0
7,87589031,A,G,0,0,0,0,0,0,0,0,0,0,0,0,0,0,0,0,0,0,0,0,0,0,0,0,0,0,0,1,0,0,0,0,0,0,0,0,0,0,0,0,0,1,0,0,0,0,0,0,0,0,0,0,0.02,0.008,0.004,0.004,0.004,0.004,0.498,-1.645,-1.415,-1.427,-1.18,-0.584,0,0,1,0,0,0,0,0,0,0,0,0,0
7,87590165,G,C,0,0,0,0,0,0,0,0,0,0,0,0,0,0,0,0,0,0,0,0,0,0,0,0,0,0,0,1,0,0,0,0,0,0,0,0,0,0,1,0,0,1,0,0,0,0,0,0,0,0,0,0,0.097,0.152,0.22,0.13,0.314,0,0.498,0.518,0.654,0.837,0.949,0.208,0,0,0,0,0,0,0,0,1,0,0,0,0
7,87591570,A,G,0,0,0,0,0,0,0,0,0,0,0,0,0,0,0,0,0,0,0,0,0,0,0,0,0,0,0,1,0,0,0,0,0,0,0,0,0,0,1,0,0,1,0,0,0,0,0,0,0,0,0,0,0.004,0.002,0.001,0.001,0.002,0,-0.544,-0.376,-0.187,-0.037,0.012,-0.453,0,0,1,0,0,0,0,0,0,0,0,0,0
7,87600124,T,C,0,0,0,0,0,0,0,0,0,0,0,0,1,0,0,0,0,0,0,0,0,0,0,0,0,0,0,0,0,0,0,0,1,0,0,0,0,0,1,0,0,1,0,689,689,689,0.21,0.1,0.16875,0.006,0.003,0.003428571,0.005,0.345,0,0,0.002,0,0.669,0.673,-1.491,-0.71,-1.389,-0.196,1,0,0,0,0,0,0,0,0,0,0,1,0
7,87600877,A,G,0,0,0,0,0,0,0,0,0,0,0,0,0,0,0,0,0,0,0,0,0,0,0,0,1,0,1,1,0,0,0,0,0,0,0,0,0,0,1,0,0,1,0,0,0,0,0,0,0,0,0,0,0.003,0.012,0,0,0,0,-0.28,-0.177,-0.801,-0.28,-0.148,0.417,0,0,1,0,0,0,0,0,0,0,0,0,0
7,87604286,G,A,0,0,0,0,0,0,0,0,0,0,0,0,0,0,0,0,0,0,0,0,0,0,0,0,0,0,0,1,0,1,0,1,0,0,0,0,0,0,0,0,0,1,0,3402,3402,3402,0,0,0,0,0,0,0.001,0,0.003,0.001,0,0.003,-0.476,-0.083,-0.04,0.168,-0.057,1.834,1,0,0,0,0,0,0,1,0,0,0,0,0
7,87615644,C,T,0,0,0,0,0,0,0,0,0,0,0,0,0,0,0,0,0,0,0,0,0,0,0,0,0,0,0,1,0,1,0,0,0,0,0,0,0,0,0,0,0,1,0,0,0,0,0,0,0,0,0,0,0.308,0.007,0.07,0.011,0.029,0.002,0.268,-0.548,0.599,-0.076,-0.044,0.387,0,0,0,0,0,0,1,0,0,0,0,0,0
7,87649444,G,A,0,0,0,0,0,0,0,0,0,0,0,0,0,0,0,0,0,0,0,0,0,0,0,0,0,0,0,1,0,1,0,0,0,0,0,0,0,0,0,0,0,1,0,0,0,0,0,0,0,0,0,0,0.009,0.018,0.448,0.013,0.019,0,-0.476,-1.044,-0.213,0.011,0.041,-0.38,1,0,0,0,0,0,0,1,0,0,0,0,0
7,87713270,A,G,0,0,0,0,0,0,0,0,0,0,0,0,0,0,0,0,0,0,0,0,0,0,0,0,1,0,1,1,0,1,0,0,0,0,0,0,0,0,1,0,0,1,0,0,0,0,0,0,0,0,0,0,0.159,0.848,0.99,0.601,0.638,0.564,-0.76,-0.88,-0.065,-0.792,-1.256,-0.003,0,0,1,0,0,0,0,0,0,0,0,0,0
7,87714706,T,C,0,0,0,0,0,0,0,0,0,0,0,0,0,0,0,0,0,0,0,0,0,0,0,0,0,0,0,1,0,1,0,1,0,0,0,0,0,0,1,0,0,1,0,1412,1383,1403.142857,0,0,0,0,0,0,0.159,0.325,0.057,0.057,0.054,0.043,-0.76,0.062,-1.322,-1.307,-1.311,-1.557,0,0,0,0,0,0,0,0,0,0,0,1,0
7,99648291,A,G,0,0,0,0,0,0,0,0,0,0,0,0,0,0,0,0,0,0,0,0,0,0,0,0,0,1,1,1,1,1,0,0,1,0,0,0,0,0,0,0,0,0,0,4000,364,1576,0,0,0,0,0,0,0.029,0.003,0.039,0.068,0.002,0,0.39,-1.297,-0.19,-0.087,-1.38,-0.485,0,0,1,0,0,0,0,0,0,0,0,0,0
7,99665212,C,T,0,0,0,0,0,0,0,0,0,0,0,0,0,0,0,0,0,0,0,0,0,1,0,0,0,1,1,1,1,1,0,1,1,0,0,0,0,0,1,0,0,0,0,4610,1504,2593.6,0,0,0,0,0,0,0.663,0.108,0.012,0.461,0.342,0.995,0.517,-0.001,-0.176,0.017,0.076,1.858,0,0,0,0,0,0,1,0,0,0,0,0,0
7,99668695,G,A,0,0,0,0,0,0,0,0,0,0,0,0,0,0,0,0,0,0,0,0,0,0,0,0,0,1,0,1,1,1,0,0,1,0,0,0,0,0,0,0,0,0,0,3966,2215,3358.333333,0,0,0,0,0,0,0.663,0.225,0.006,0.006,0.005,0.011,0.517,-1.653,-0.411,-0.413,-0.298,-0.539,1,0,0,0,0,0,0,1,0,0,0,0,0
7,99669165,A,G,0,0,0,0,0,0,0,0,0,0,0,0,0,0,0,0,0,0,0,0,0,0,0,0,0,1,0,1,1,1,0,0,1,0,0,0,0,0,0,0,0,0,0,3496,1745,2888.333333,0,0,0,0,0,0,0.663,0.729,0.181,0.18,0.242,0.162,0.517,0.167,-0.609,-0.585,-0.52,-0.735,0,0,1,0,0,0,0,0,0,0,0,0,0
7,99671774,T,C,0,0,0,0,0,1,0,0,0,0,0,0,0,0,0,0,0,0,0,0,0,0,0,0,0,1,1,1,1,1,0,0,1,0,0,0,0,0,0,0,0,0,0,2452,815,1384.666667,0,0,0,0,0,0,0.01,0.003,0.071,0.003,0.005,0.005,0.453,-0.894,-0.571,-1.27,-1.209,-0.056,1,0,0,0,0,0,0,0,0,0,0,1,0
7,99672916,T,C,0,1,0,0,0,0,0,0,0,0,0,0,0,0,0,0,0,0,0,0,0,0,0,0,0,0,1,1,1,1,0,0,1,0,0,0,0,0,1,0,0,0,0,1310,374,491,0,0,0,0,0,0,0.042,0.017,0.003,0.003,0.002,0,0.368,0.158,0.665,0.672,0.557,0.033,1,0,0,0,0,0,0,0,0,0,0,1,0
7,99676122,T,C,0,0,0,0,0,0,0,0,0,0,0,0,1,0,0,0,0,0,0,0,0,0,0,0,1,1,1,1,1,1,0,0,1,0,0,0,0,0,0,0,0,0,0,3580,3580,3580,0.01,0.01,0.01,0.997,0.977,0.986333333,0.008,0.171,0.012,0.024,0.01,0.966,0.458,0.938,0.665,0.964,1.049,2.828,1,0,0,0,0,0,0,0,0,0,0,1,0
7,99676198,G,A,0,0,0,0,0,0,0,0,0,0,0,0,1,0,0,0,0,0,0,0,0,0,0,0,1,1,1,1,1,1,0,0,1,0,0,0,0,0,0,0,0,0,0,3656,3656,3656,0.03,0.02,0.025,0.005,0.001,0.002666667,0.223,0.02,0.154,0.061,0.001,0.009,0.412,-0.743,0.671,0.063,0.161,0.502,1,0,0,0,0,0,0,1,0,0,0,0,0
8,18390208,T,A,0,0,0,0,0,0,0,0,0,0,0,0,0,0,0,0,0,0,0,0,0,0,0,0,0,0,0,1,0,0,0,1,1,0,0,0,0,0,0,0,0,0,0,2431,1074,1572,0,0,0,0,0,0,0.223,0.068,0.006,0.006,0.013,0,0.412,0.158,0.366,0.368,0.43,0.221,1,0,0,0,0,0,0,0,0,0,1,0,0
8,18390403,A,G,0,0,0,0,0,0,0,0,0,0,0,0,0,0,0,0,0,0,0,0,0,0,0,0,0,0,0,1,0,0,0,1,1,0,0,0,0,0,0,0,0,0,0,2626,879,1572,0,0,0,0,0,0,0.223,0.474,0.146,0.148,0.061,0.213,0.412,0,0.579,0.579,0.65,0.499,0,0,1,0,0,0,0,0,0,0,0,0,0
8,18390758,G,C,0,0,0,0,0,0,0,0,0,0,0,0,0,0,0,0,0,0,0,0,0,0,0,0,0,0,0,1,0,0,0,1,1,0,0,0,0,0,0,0,0,0,0,2981,524,1572,0,0,0,0,0,0,0.003,0.004,0.008,0.001,0.001,0,0.412,0.454,-1.227,-1.131,-0.827,-1.173,1,0,0,0,0,0,0,0,1,0,0,0,0
8,18400285,C,T,0,0,0,0,0,0,0,0,0,0,0,0,0,0,0,0,0,0,0,0,0,1,0,0,0,0,0,1,0,0,0,0,0,0,0,0,0,0,0,0,0,0,0,0,0,0,0,0,0,0,0,0,0.024,0.07,0.006,0.001,0,0,-0.474,-0.236,-0.291,-0.505,-0.934,-0.075,1,0,0,0,0,0,1,0,0,0,0,0,0
8,18400344,T,C,0,0,0,0,0,0,0,0,0,0,0,0,1,0,0,0,0,0,0,0,0,0,0,0,1,0,0,0,0,0,0,0,0,0,0,0,0,0,0,0,0,0,0,0,0,0,0.01,0.01,0.01,0.925,0.925,0.925,0.068,0.033,0.024,0.002,0.031,0.958,0.458,0.899,0.558,0.016,0.078,3.857,1,0,0,0,0,0,0,0,0,0,0,1,0
8,18400484,C,T,0,0,0,0,0,0,0,0,0,0,0,0,0,0,0,0,0,0,0,0,0,1,0,0,0,0,0,0,0,0,0,0,0,0,0,0,0,0,0,0,0,0,0,0,0,0,0,0,0,0,0,0,0.95,0.742,0.715,0.96,0.534,0.834,-0.474,-0.659,0.504,-0.026,-0.371,0.009,1,0,0,0,0,0,1,0,0,0,0,0,0
8,18400593,G,A,0,0,0,0,0,0,0,0,0,0,0,0,1,0,0,0,0,0,0,0,0,0,0,0,0,0,0,0,0,0,0,0,0,0,0,0,0,0,0,0,0,0,0,0,0,0,0.06,0.04,0.045,0.995,0.995,0.995,0.758,0.08,0.006,0.011,0.005,0.13,0.412,0.83,-0.289,-0.092,0.102,1.089,1,0,0,0,0,0,0,1,0,0,0,0,0
8,18400616,A,T,0,0,0,0,0,0,0,0,0,0,0,0,1,0,0,0,0,0,0,0,0,0,0,0,0,0,0,0,0,0,0,0,0,0,0,0,0,0,0,0,0,0,0,0,0,0,0.95,0.92,0.9425,0.003,0.003,0.003,0.918,0.008,0.068,0.409,0.06,0,0.484,-0.505,-0.258,-0.107,-0.775,-0.066,0,0,0,1,0,0,0,0,0,0,0,0,0
8,18400806,G,A,0,0,0,0,0,0,0,0,0,0,0,0,1,0,0,0,0,0,0,0,0,0,0,0,0,0,0,0,0,0,0,0,0,0,0,0,0,0,0,0,0,0,0,0,0,0,0,0,0,0.001,0.001,0.001,0.497,0.003,0.635,0.455,0.039,0.148,0.412,-1.398,-0.142,-0.288,-0.525,0.083,1,0,0,0,0,0,0,1,0,0,0,0,0
8,18400860,G,A,0,0,0,0,0,0,0,0,0,0,0,0,1,0,0,0,0,0,0,0,0,0,0,0,0,0,0,0,0,0,0,0,0,0,0,0,0,0,0,0,0,0,0,0,0,0,0.63,0.51,0.54,0.047,0.047,0.047,0.261,0.011,0.01,0.062,0.02,0,0.412,0.83,-0.238,-0.114,0.085,-1.915,1,0,0,0,0,0,0,1,0,0,0,0,0
8,18415371,G,A,0,0,0,0,0,0,0,0,0,0,0,0,0,0,0,0,0,0,0,0,0,0,0,0,0,0,0,0,0,0,0,0,0,0,0,0,0,0,1,1,0,0,0,0,0,0,0,0,0,0,0,0,0.024,0.068,0.004,0.004,0.107,0,-1.132,0.15,-1.175,-1.188,-0.524,-0.207,1,0,0,0,0,0,0,1,0,0,0,0,0
10,133526101,G,C,0,0,0,0,0,0,0,0,0,0,0,0,0,0,0,0,0,0,0,0,0,0,0,0,0,0,1,1,0,0,0,1,1,0,0,0,0,0,0,0,0,1,1,2543,158,1413.888889,0,0,0,0,0,0,0.024,0.026,0.102,0.134,0.009,0,-1.132,-0.802,-0.364,-0.861,-1.27,-2.696,0,0,0,0,0,0,0,0,1,0,0,0,0
10,133526341,C,T,0,0,0,0,0,0,0,0,0,0,0,0,0,0,0,0,0,0,0,0,0,0,0,0,0,0,1,1,0,1,0,1,1,0,0,0,0,0,0,0,0,1,1,2783,1022,1390.875,0,0,0,0,0,0,0.041,0.138,0.011,0.001,0.002,0,-0.474,-0.301,-1.913,-3.001,-1.443,-0.98,0,0,0,0,0,0,1,0,0,0,0,0,0
10,133527044,A,G,0,0,0,0,0,0,0,0,0,0,0,0,0,0,0,0,0,0,0,0,0,0,0,0,0,0,1,1,0,0,0,1,1,0,0,0,0,0,0,0,0,1,1,4532,85,1055.545455,0,0,0,0,0,0,0.017,0.025,0.027,0.017,0.005,0,0.714,0.697,0.559,1.034,1.089,-1.081,0,0,1,0,0,0,0,0,0,0,0,0,0
10,133527063,A,T,0,0,0,0,0,0,0,0,0,0,0,0,0,0,0,0,0,0,0,0,0,0,0,0,0,0,1,1,0,0,0,1,1,0,0,0,0,0,0,0,0,1,1,4513,104,1046.909091,0,0,0,0,0,0,0.002,0.006,0.004,0.002,0.002,0,0.714,0.563,-0.217,0.045,0.09,-0.137,0,0,0,1,0,0,0,0,0,0,0,0,0
10,133535040,T,A,0,0,0,0,0,0,0,0,0,0,0,0,0,0,0,0,0,0,0,0,0,0,0,0,0,0,0,1,1,1,0,1,1,0,0,0,0,0,0,0,0,1,1,2876,2172,2502.666667,0,0,0,0,0,0,0.002,0.059,0,0,0,0,0.714,-2.329,-3.412,-3.336,-5.896,-4.046,1,0,0,0,0,0,0,0,0,0,1,0,0
10,133537633,G,C,0,0,0,0,0,0,0,0,0,0,0,0,0,0,0,0,0,0,0,0,0,0,0,0,0,0,1,1,1,1,0,1,1,0,0,0,0,0,0,0,0,1,1,4765,4176,4470.5,0,0,0,0,0,0,0.019,0.013,0.002,0.001,0,0,-0.316,-1.492,-0.108,-0.407,-0.588,-0.021,0,0,0,0,0,0,0,0,1,0,0,0,0
10,133537858,C,T,0,0,0,0,0,0,0,0,0,0,0,0,0,0,0,0,0,0,0,0,0,1,0,0,0,1,1,0,1,0,0,1,1,0,0,0,0,0,0,0,0,1,1,4990,3951,4470.5,0,0,0,0,0,0,0.996,0.997,0.967,0.995,0.998,0.957,0.575,0.853,0.597,0.935,0.964,0.107,1,0,0,0,0,0,1,0,0,0,0,0,0
11,62979488,C,T,0,0,0,0,0,0,0,0,0,0,0,0,1,0,0,1,0,0,0,0,0,0,0,0,0,1,0,0,1,0,0,0,1,0,0,0,0,0,0,0,0,0,0,380,380,380,0.01,0.01,0.01,0.986,0.972,0.9805,0.68,0.995,0.078,0.643,0.55,1,0.575,0.871,0.599,0.935,1.026,7.693,1,0,0,0,0,0,1,0,0,0,0,0,0
11,62984542,C,T,0,0,0,0,0,0,0,0,0,0,0,0,1,0,0,0,0,0,0,0,0,0,0,0,0,0,0,0,1,0,0,1,1,0,0,0,0,0,0,0,0,0,0,4612,650,2631,0.12,0.11,0.116666667,0.965,0.037,0.162777778,0.993,0.999,0.605,0.785,0.769,0.113,0.575,0.871,0.599,0.852,1.026,0.978,0,0,0,0,0,0,1,0,0,0,0,0,0
11,62984817,C,T,0,0,0,0,0,0,0,0,0,0,0,0,0,0,0,0,0,0,0,0,0,0,0,0,1,0,0,0,1,0,0,1,1,0,0,0,0,0,1,0,0,0,0,4337,127,1379,0,0,0,0,0,0,0.024,0.009,0.829,0.767,0.246,0,0.575,0.033,0.587,0.925,1.016,0.284,0,0,0,0,0,0,1,0,0,0,0,0,0
11,67557462,G,A,0,0,0,0,0,0,0,0,0,0,0,0,0,0,0,0,0,0,0,0,0,0,0,0,0,0,0,0,0,0,0,0,0,0,0,0,0,0,0,1,0,0,0,0,0,0,0,0,0,0,0,0,0.007,0.104,0.03,0.03,0.007,0,-0.72,0.15,0.32,0.316,-0.449,0.09,0,0,0,0,0,0,0,1,0,0,0,0,0
11,67585218,A,G,0,0,0,0,0,0,0,0,0,0,0,0,1,0,0,0,0,0,0,0,0,0,0,0,0,1,1,0,1,0,0,1,1,0,0,0,0,0,1,0,0,0,1,886,154,520,0.94,0.94,0.94,0.001,0.001,0.001,0.492,0.055,0.002,0.009,0,0,-0.718,-2.114,-1.87,-0.811,-3.135,-1.459,1,0,1,0,0,0,0,0,0,0,0,0,0
11,67586108,C,T,0,0,0,0,0,0,0,0,0,0,0,0,1,0,0,0,0,0,0,0,0,0,0,0,0,1,1,1,1,0,0,0,1,0,0,0,0,0,0,0,0,0,1,1044,1044,1044,0.12,0.07,0.103333333,0.063,0.063,0.063,0.125,0.472,0.908,0.502,0.119,0.031,-0.332,-0.662,0.599,0.02,0.074,0.032,0,0,0,0,0,0,1,0,0,0,0,0,0
12,20827866,G,C,0,0,0,0,0,0,0,0,0,0,0,0,0,0,0,0,0,0,0,0,0,0,0,0,0,0,0,1,0,0,0,0,0,0,0,0,0,0,0,0,0,1,0,0,0,0,0,0,0,0,0,0,0.125,0.009,0.01,0.01,0.005,0.014,-0.332,-2.063,-0.931,-0.933,-0.799,-1.015,1,0,0,0,0,0,0,0,1,0,0,0,0
12,20831898,C,T,0,0,0,0,0,0,0,0,0,0,0,0,0,0,0,0,0,0,0,0,0,0,0,0,0,0,0,1,0,0,0,0,0,0,0,0,0,0,0,0,0,1,0,0,0,0,0,0,0,0,0,0,0.011,0.003,0,0,0,0,0.268,-1.064,-1.223,-0.828,-0.916,-1.104,1,0,0,0,0,0,1,0,0,0,0,0,0
12,20858546,T,G,0,0,0,0,0,0,0,0,0,0,0,0,1,0,0,0,0,0,0,0,0,0,0,0,0,0,1,0,0,0,0,1,0,0,0,0,0,0,0,0,0,1,1,3913,3913,3913,0,0,0,0,0,0,0.354,0.934,0.422,0.885,0.711,0.994,-0.924,0.028,-0.298,-0.018,0.225,4.503,1,0,0,0,0,0,0,0,0,0,0,0,1
12,20862826,G,A,0,0,0,0,0,0,0,0,0,0,0,0,1,0,0,0,0,0,0,0,0,0,0,0,0,0,0,0,0,0,0,0,1,0,0,0,0,0,0,0,0,1,1,1772,1772,1772,0.51,0.16,0.237142857,0.031,0.007,0.011,0.362,0.436,0.945,0.91,0.393,0.003,-0.422,-0.543,-0.26,-0.436,-0.495,-1.262,0,0,0,0,0,0,0,1,0,0,0,0,0
12,20875274,G,C,0,0,0,0,0,0,0,0,0,0,0,0,1,0,0,0,0,0,0,0,0,0,0,0,0,0,0,0,0,0,0,0,0,0,0,0,0,0,0,0,0,1,1,0,0,0,0,0,0,0.991,0.982,0.989428571,0.634,0.999,0.363,0.915,0.997,1,0.412,0.913,0.505,0.81,1.176,7.828,1,0,0,0,0,0,0,0,1,0,0,0,0
12,20883477,A,G,0,0,0,0,0,0,0,0,0,0,0,0,0,0,0,0,0,0,0,0,0,1,0,0,0,0,0,0,0,0,0,0,0,0,0,0,0,0,0,0,0,0,1,0,0,0,0,0,0,0,0,0,0.496,0.006,0.003,0,0,0,0.484,-1.299,-4.658,-4.559,-8.968,-3.7,0,0,1,0,0,0,0,0,0,0,0,0,0
12,20892760,A,G,0,0,0,0,0,0,0,0,0,0,0,0,0,0,0,0,0,0,0,0,0,0,0,0,0,0,0,1,0,0,0,0,0,0,0,0,0,0,0,0,0,0,1,0,0,0,0,0,0,0,0,0,0.496,0.345,0.072,0.072,0.001,0.001,0.484,0.167,0.449,0.448,-0.183,0.744,1,0,1,0,0,0,0,0,0,0,0,0,0
12,20901435,G,A,0,0,0,0,0,0,0,0,0,0,0,0,0,0,0,0,0,0,0,0,0,1,0,0,1,0,0,0,0,0,0,0,0,0,0,0,0,0,0,0,0,0,1,0,0,0,0,0,0,0,0,0,0.163,0.02,0.449,0.019,0.026,0.004,-0.422,-1.011,0.487,-0.013,-0.114,-1.383,0,0,0,0,0,0,0,1,0,0,0,0,0
15,74719300,A,G,0,0,0,0,0,0,0,0,0,0,0,0,0,0,0,0,0,0,0,0,0,0,0,0,0,0,0,0,0,0,0,0,1,0,0,0,0,0,0,0,0,1,0,1420,242,759.8333333,0,0,0,0,0,0,0.001,0.02,0.007,0.007,0.005,0.012,-0.72,0.167,0.413,0.411,0.471,0.929,0,0,1,0,0,0,0,0,0,0,0,0,0
15,74719300,A,T,0,0,0,0,0,0,0,0,0,0,0,0,0,0,0,0,0,0,0,0,0,0,0,0,0,0,0,0,0,0,0,0,1,0,0,0,0,0,0,0,0,1,0,1420,242,759.8333333,0,0,0,0,0,0,0.001,0.02,0.007,0.007,0.005,0.012,-0.72,0.167,0.413,0.411,0.471,0.929,0,0,0,1,0,0,0,0,0,0,0,0,0
15,74720644,T,C,0,0,0,0,0,0,0,0,0,0,0,0,1,0,0,0,0,0,0,0,0,0,0,0,0,0,0,0,0,0,0,0,1,0,0,0,0,0,0,0,0,1,0,76,76,76,0.01,0.01,0.01,0.226,0.226,0.226,0.899,0.985,0.003,0.036,0.155,1,0.669,0.991,-0.126,0.141,0.189,4.135,1,0,0,0,0,0,0,0,0,0,0,1,0
15,74724835,C,A,0,0,0,0,0,0,0,0,0,0,0,0,0,0,0,0,0,0,0,0,0,0,0,0,0,0,0,1,1,0,0,0,0,0,0,0,0,0,0,0,0,1,0,0,0,0,0,0,0,0,0,0,0.001,0,0.284,0,0,0,-0.332,-0.261,0.53,-0.018,-0.366,0.134,1,0,0,0,1,0,0,0,0,0,0,0,0
15,74727108,C,T,0,0,0,0,0,0,0,0,0,0,0,0,0,0,0,0,0,0,0,0,0,0,0,0,0,0,0,0,0,0,0,1,0,0,0,0,0,0,1,0,0,1,0,1738,1572,1607,0,0,0,0,0,0,0.003,0.001,0.005,0,0,0,-0.2,-0.981,0.596,-0.173,-0.249,-0.579,1,0,0,0,0,0,1,0,0,0,0,0,0
15,74735539,C,T,0,0,0,0,0,0,0,0,0,0,0,0,0,0,0,0,0,0,0,0,0,0,0,0,0,0,0,0,0,0,0,0,0,0,0,0,0,0,0,1,0,0,0,0,0,0,0,0,0,0,0,0,0.131,0.004,0.006,0.001,0.001,0,0.268,0.356,-1.435,-1.019,-0.722,-0.748,1,0,0,0,0,0,1,0,0,0,0,0,0
16,28606092,A,G,0,0,0,0,0,0,0,0,0,0,0,0,1,0,0,0,0,0,0,0,0,0,0,0,0,1,1,0,0,0,0,1,1,0,0,0,0,0,0,0,0,1,0,4608,104,3114,0,0,0,0,0,0,0.002,0,0.002,0,0,0,-0.422,-1.285,-1.74,-2.504,-6.095,-4.221,1,0,1,0,0,0,0,0,0,0,0,0,0
16,28606103,A,T,0,0,0,0,0,0,0,0,0,0,0,0,1,0,0,0,0,0,0,0,0,0,0,0,0,1,1,0,0,0,0,1,1,0,0,0,0,0,0,0,0,1,0,4597,93,3110.333333,0.01,0.01,0.01,0.984,0.421,0.461214286,0.323,0.022,0.001,0.001,0.001,0.03,0.484,1.039,0.559,0.919,1.087,3.173,1,0,0,1,0,0,0,0,0,0,0,0,0
16,28606152,T,G,0,0,0,0,0,0,0,0,0,0,0,0,1,0,0,0,0,0,0,0,0,0,0,0,0,1,1,0,0,0,0,1,1,0,0,0,0,0,0,0,0,1,0,4548,44,3094,0.03,0.03,0.03,0.999,0.998,0.998071429,0.062,0.279,0.023,0.045,0.067,1,0.458,0.97,0.495,0.818,0.948,6.801,1,0,0,0,0,0,0,0,0,0,0,0,1
16,28606164,C,T,0,0,0,0,0,0,0,0,0,0,0,0,1,0,0,0,0,0,0,0,0,0,0,0,0,1,1,0,0,0,0,1,1,0,0,0,0,0,0,0,0,1,0,4536,32,3090,0.13,0.12,0.120714286,0.042,0.006,0.039428571,0.008,0.002,0.006,0.007,0.001,0.993,-0.474,0.048,-0.298,-0.004,0.078,2.387,0,0,0,0,0,0,1,0,0,0,0,0,0
16,28606193,C,T,0,0,0,0,0,0,0,0,0,0,0,0,1,0,0,0,0,0,0,0,0,0,0,0,0,1,1,0,0,0,0,1,1,0,0,0,0,0,0,0,0,1,0,4507,3,3080.333333,0.06,0.05,0.058571429,0.074,0.027,0.070642857,0.032,0,0.577,0.443,0.079,0,0.395,0.02,0.448,0.724,0.019,1.021,1,0,0,0,0,0,1,0,0,0,0,0,0
16,28606850,A,C,0,0,0,0,0,0,0,0,0,0,0,0,1,0,0,0,0,0,0,0,0,0,0,0,0,0,1,0,0,0,0,1,1,0,0,0,0,0,0,0,0,1,0,4969,2331,3564.4,0,0,0,0.998,0.616,0.970714286,0.002,0.938,0.012,0.284,0.066,0.884,0.585,1.039,-0.223,0.038,0.083,6.161,1,1,0,0,0,0,0,0,0,0,0,0,0
16,28607005,G,A,0,0,0,0,0,0,0,0,0,0,0,0,1,0,0,0,0,0,0,0,0,0,0,0,0,0,1,0,0,0,0,1,1,0,0,0,0,0,0,0,0,1,0,3695,2486,3135.75,0.15,0.05,0.083333333,0.024,0.01,0.011,0.873,0.997,0.028,0.373,0.369,0.995,0.412,0.897,-2.323,-1.388,-1.056,2.404,1,0,0,0,0,0,0,1,0,0,0,0,0
16,28608521,C,T,0,0,0,0,0,0,0,0,0,0,0,0,1,0,0,0,0,0,0,0,0,0,0,0,0,0,1,1,0,0,0,1,1,0,0,0,0,0,1,0,0,1,0,4002,1665,2624.2,0.25,0.25,0.25,0,0,0,0.023,0.031,0.65,0.142,0.053,0,-0.918,-0.785,-0.481,-0.795,-0.876,-3.377,1,0,0,0,0,0,1,0,0,0,0,0,0
16,28608717,G,A,0,0,0,0,0,0,0,0,0,0,0,0,1,0,0,0,0,0,0,0,0,0,0,0,0,0,1,1,0,0,0,1,1,0,0,0,0,0,1,0,0,1,0,4198,1469,2506.6,0.03,0.03,0.03,0.997,0.947,0.993428571,0.265,0.998,0.038,0.068,0.066,1,0,0.848,0.502,0.629,0.796,7.063,1,0,0,0,0,0,0,1,0,0,0,0,0
16,28608746,C,T,0,0,0,0,0,0,0,0,0,0,0,0,1,0,0,0,0,0,0,0,0,0,0,0,0,0,1,1,0,0,0,1,1,0,0,0,0,0,1,0,0,1,0,4227,1440,2489.2,0.13,0.11,0.12,0.068,0.063,0.063357143,0.083,0.05,0.001,0,0.002,0,-0.918,-0.829,-0.348,-0.921,-1.469,-0.869,1,0,0,0,0,0,1,0,0,0,0,0,0
16,28609251,C,T,0,0,0,0,0,0,0,0,0,0,0,0,0,0,0,0,0,0,0,0,0,0,0,0,1,0,1,1,0,0,0,1,1,0,0,0,0,0,1,0,0,1,0,4732,331,2281.428571,0,0,0,0,0,0,0.155,0.014,0.016,0.007,0.004,0,0.395,-0.316,-0.512,-0.908,-0.634,-0.336,0,0,0,0,0,0,1,0,0,0,0,0,0
16,28609479,C,G,0,0,0,0,0,0,0,0,0,0,0,0,0,0,0,0,0,0,0,0,0,0,0,0,1,0,1,1,0,0,0,1,1,0,0,0,0,0,1,0,0,1,0,4960,559,2183.714286,0,0,0,0,0,0,0.155,0.533,0,0,0,0,0.395,0.057,-4.864,-4.8,-6.761,-1.479,0,0,0,0,0,1,0,0,0,0,0,0,0
19,40843827,C,A,0,0,0,0,0,0,0,0,0,0,0,0,1,0,0,0,0,0,0,0,0,0,0,0,0,0,1,0,0,0,0,0,1,0,0,1,0,0,1,0,0,0,0,2202,1095,1695,0.12,0.12,0.12,0.011,0.011,0.011,0.215,0.004,0.591,0.214,0.152,0,-1.122,-0.799,-0.559,-0.923,-1.039,-2.241,0,0,0,0,1,0,0,0,0,0,0,0,0
19,40843869,A,G,0,0,0,0,0,0,0,0,0,0,0,0,1,0,0,0,0,0,0,0,0,0,0,0,0,0,1,0,0,0,0,0,1,0,0,1,0,0,1,0,0,0,0,2160,1053,1681,0.01,0.01,0.01,0.836,0.836,0.836,0.006,0.001,0.171,0.02,0.05,0.278,0.64,1.039,0.496,0.861,1.171,4.84,0,0,1,0,0,0,0,0,0,0,0,0,0
19,40843969,T,A,0,0,0,0,0,0,0,0,0,0,0,0,1,0,0,0,0,0,0,0,0,0,0,0,0,0,1,0,0,0,0,0,1,0,0,1,0,0,1,0,0,0,0,2060,953,1647.666667,0.79,0.79,0.79,0,0,0,0.259,0.279,0.171,0.163,0.404,0,-0.925,-0.569,-2.043,-0.535,-0.16,-1.556,1,0,0,0,0,0,0,0,0,0,1,0,0
19,40845362,C,T,0,0,0,0,0,0,0,0,0,0,0,0,1,0,0,0,0,0,0,0,0,0,0,0,0,0,1,0,0,0,0,1,1,0,0,0,0,0,0,0,0,0,0,3323,510,1500,0.39,0.39,0.39,0,0,0,0.007,0.001,0.016,0.001,0,0,-1.329,-1.357,-1.701,-1.896,-2.842,-1.16,1,0,0,0,0,0,1,0,0,0,0,0,0
19,40847202,T,C,0,0,0,0,0,0,0,0,0,0,0,0,0,0,0,0,0,0,0,0,0,0,0,0,0,0,0,1,1,1,0,1,0,0,0,0,0,0,0,0,0,0,0,2350,2350,2350,0,0,0,0,0,0,0.008,0.001,0.001,0.001,0.001,0,-0.314,-1.112,-0.469,-0.796,-0.383,-1.617,1,0,0,0,0,0,0,0,0,0,0,1,0
19,40848266,G,T,0,0,0,0,0,0,0,0,0,0,0,0,1,0,0,0,0,0,0,0,0,0,0,0,0,1,1,0,1,0,0,1,0,0,0,0,0,0,0,0,0,0,0,3414,3414,3414,0.44,0.44,0.44,0.056,0.056,0.056,0.056,0.616,0.005,0.126,0.379,0,-0.81,0.604,-1.899,-1.179,-0.812,-1.203,0,0,0,0,0,0,0,0,0,1,0,0,0
19,40848591,C,A,0,0,0,0,0,0,0,0,0,0,0,0,0,0,0,0,0,0,0,0,0,0,0,0,0,0,0,1,1,1,0,1,0,0,0,0,0,0,1,0,0,0,0,3739,3739,3739,0,0,0,0,0,0,0.003,0,0.001,0,0,0,-0.918,-0.304,-0.569,-1.796,-0.644,-0.052,0,0,0,0,1,0,0,0,0,0,0,0,0
19,40849833,C,G,0,0,0,0,0,0,0,0,0,0,0,0,1,0,0,0,0,0,0,0,0,0,0,0,0,1,0,1,1,1,0,1,0,0,0,0,0,0,0,0,0,0,0,4981,4981,4981,0,0,0,0,0,0,0.545,0.012,0,0,0,0,-1.122,-0.8,-3.975,-3.833,-3.97,-2.974,1,0,0,0,0,1,0,0,0,0,0,0,0
19,40850376,T,C,0,0,0,0,0,0,0,0,0,0,0,0,0,0,0,0,0,0,0,0,0,1,0,0,0,0,1,0,1,0,0,0,0,0,0,0,0,0,0,0,0,0,0,0,0,0,0,0,0,0,0,0,0.686,0,0.199,0.558,0.769,0,-0.246,-3.518,-0.74,-0.966,-0.593,-1.062,0,0,0,0,0,0,0,0,0,0,0,1,0
19,40850474,A,C,0,0,0,0,0,0,0,0,0,0,0,0,0,0,0,0,0,0,0,0,0,0,0,0,0,0,0,0,0,0,0,1,0,0,0,0,0,0,0,0,0,0,0,34,27,28.75,0,0,0,0,0,0,0.105,0.844,0.063,0.246,0.7,1,0.64,1.039,0.338,0.776,1.184,4.677,0,1,0,0,0,0,0,0,0,0,0,0,0
19,40851439,T,C,0,0,0,0,0,0,0,0,0,0,0,0,0,0,0,0,0,0,0,0,0,0,0,0,0,0,0,0,0,0,0,1,0,0,0,0,0,0,0,0,0,0,0,999,992,993.75,0,0,0,0,0,0,0.016,0.002,0.001,0.001,0.001,0,0.368,0.397,0.297,0.492,0.783,-0.136,1,0,0,0,0,0,0,0,0,0,0,1,0
19,40875742,A,C,0,0,0,0,0,0,0,0,0,0,0,0,1,0,0,0,0,0,0,0,0,0,0,0,0,0,0,0,0,0,0,0,1,0,0,1,0,0,1,0,0,0,0,3135,56,1339.5,0,0,0,0,0,0,0.695,0.042,0.174,0.359,0.717,0.001,-1.059,-0.02,-0.638,-0.152,0.065,0.799,0,1,0,0,0,0,0,0,0,0,0,0,0
19,40988986,T,C,0,0,0,0,0,0,0,0,0,0,0,0,0,0,0,0,0,0,0,0,0,0,0,0,0,0,0,0,0,0,0,1,0,0,0,0,0,0,0,0,0,0,1,2418,2296,2336.666667,0,0,0,0,0,0,0.695,0.122,0.019,0.018,0.017,0.056,-1.059,0.062,0.168,0.169,0.164,0.147,1,0,0,0,0,0,0,0,0,0,0,1,0
19,40989528,A,G,0,0,0,0,0,0,0,0,0,0,0,0,0,0,0,0,0,0,0,0,0,0,0,0,0,0,0,0,0,0,0,1,0,0,0,0,0,0,1,0,0,0,1,1876,1754,1794.666667,0,0,0,0,0,0,0.023,0.012,0.001,0.001,0.001,0,0.39,0.423,0.756,1.006,0.98,0.781,0,0,1,0,0,0,0,0,0,0,0,0,0
19,40989850,T,C,0,0,0,0,0,0,0,0,0,0,0,0,0,0,0,0,0,0,0,0,0,0,0,0,0,0,0,0,0,0,0,1,0,0,0,0,0,0,1,0,0,0,1,1554,1432,1472.666667,0,0,0,0,0,0,0.126,0.002,0.001,0.001,0.002,0,0,-0.777,-1.29,-1.174,-1.018,-0.829,1,0,0,0,0,0,0,0,0,0,0,1,0
19,40990556,T,C,0,0,0,0,0,0,0,0,0,0,0,0,0,0,0,0,0,0,0,0,0,0,0,0,0,0,0,0,0,0,0,1,0,0,0,0,0,0,1,0,0,0,1,848,726,766.6666667,0,0,0,0,0,0,0.126,0.004,0.002,0.002,0.001,0.002,0,-1.81,-0.567,-0.57,-0.439,-0.634,1,0,0,0,0,0,0,0,0,0,0,1,0
19,40991369,C,T,0,0,0,0,0,0,0,0,0,0,0,0,1,0,0,0,0,0,0,0,0,0,0,0,0,0,0,0,0,0,0,1,0,0,0,0,0,0,0,0,0,0,1,35,35,35,0.02,0.02,0.02,0.343,0.343,0.343,0,0,0,0,0,0.002,-1.5,-1.198,-1.309,-1.11,-0.573,-0.168,0,0,0,0,0,0,1,0,0,0,0,0,0
19,40991441,A,G,0,0,0,0,0,0,0,0,0,0,0,0,1,0,0,0,0,0,0,0,0,0,0,0,0,0,0,0,1,0,0,0,0,0,0,0,0,0,0,0,0,0,1,0,0,0,0.38,0.29,0.35,0.842,0.216,0.633333333,0.596,0.075,0.37,0.776,0.942,1,0.64,-0.025,-0.112,0.113,0.313,0.661,1,0,1,0,0,0,0,0,0,0,0,0,0
19,41000286,T,C,0,0,0,0,0,0,0,0,0,0,0,0,0,0,0,0,0,0,0,0,0,0,0,0,0,0,0,1,1,0,0,1,0,0,0,0,0,0,1,0,0,0,1,4093,3660,3876.5,0,0,0,0,0,0,0.596,0.143,0.035,0.035,0.038,0.002,0.64,0.158,0.43,0.433,0.453,-1.029,1,0,0,0,0,0,0,0,0,0,0,1,0
19,41004377,A,G,0,0,0,0,0,0,0,0,0,0,0,0,1,0,0,0,0,0,0,0,0,0,0,0,0,0,0,0,1,0,0,1,0,0,0,0,0,0,0,0,0,0,1,2,2,2,0,0,0,0.903,0.498,0.7015,0.999,1,0.998,1,1,0,0.64,1.003,0.691,1.028,1.284,0.889,0,0,1,0,0,0,0,0,0,0,0,0,0
19,41006887,C,T,0,0,0,0,0,0,0,0,0,0,0,0,0,0,0,0,0,0,0,0,0,0,0,0,0,0,0,1,1,1,0,1,0,0,0,0,0,0,0,0,0,0,1,2790,2790,2790,0,0,0,0,0,0,0.004,0.002,0.004,0.003,0.004,0,0.517,0.821,-0.265,-0.029,0.058,-0.078,0,0,0,0,0,0,1,0,0,0,0,0,0
19,41006919,C,G,0,0,0,0,0,0,0,0,0,0,0,0,1,0,0,0,0,0,0,0,0,0,0,0,0,0,1,1,1,0,0,1,0,0,0,0,0,0,0,0,0,0,1,2758,2758,2758,0,0,0,0.989,0.843,0.940333333,0.614,0.893,0.194,0.619,0.575,0.921,-0.789,0.821,0.527,0.788,0.989,1.482,0,0,0,0,0,1,0,0,0,0,0,0,0
19,41006936,G,T,0,0,0,0,0,0,0,0,0,0,0,0,1,0,0,0,0,0,0,0,0,0,0,0,0,0,1,1,1,0,0,1,0,0,0,0,0,0,0,0,0,0,1,2741,2741,2741,0.57,0.57,0.57,0,0,0,0.788,0.198,0.047,0.014,0.011,0,0.543,-2.592,-1.178,-1.709,-1.107,-0.968,0,0,0,0,0,0,0,0,0,1,0,0,0
19,41009060,G,C,0,0,0,0,0,0,0,0,0,0,0,0,0,0,0,0,0,0,0,0,0,0,0,0,0,0,0,1,1,0,0,1,1,0,0,0,0,0,0,0,0,0,1,1885,617,1251,0,0,0,0,0,0,0.306,0.077,0.011,0.007,0.008,0,-0.582,0.589,0.618,-0.063,0.866,-0.292,0,0,0,0,0,0,0,0,1,0,0,0,0
19,41009202,C,T,0,0,0,0,0,0,0,0,0,0,0,0,0,0,0,0,0,1,0,0,0,0,0,0,0,0,0,1,1,0,0,1,1,0,0,0,0,0,0,0,0,0,1,2027,475,1251,0,0,0,0,0,0,0.024,0.001,0.034,0,0,0,-0.564,-0.097,0.549,-0.005,-0.018,0.196,0,0,0,0,0,0,1,0,0,0,0,0,0
19,41009358,A,G,0,0,0,0,0,0,0,0,0,0,0,0,1,0,0,0,0,0,0,0,0,0,0,0,0,1,0,1,1,0,0,1,1,0,0,0,0,0,0,0,0,0,1,2183,319,1251,0,0,0,0,0,0,0.062,0.645,0.015,0.006,0.008,0.005,-0.521,-0.157,-0.941,-0.432,-0.115,0.784,0,0,1,0,0,0,0,0,0,0,0,0,0
19,41009578,G,A,0,0,0,0,0,0,0,0,0,0,0,0,0,0,0,0,0,0,0,0,0,0,0,0,0,0,0,1,1,0,0,1,1,0,0,0,0,0,0,0,0,0,1,2403,99,1251,0,0,0,0,0,0,0.001,0.001,0.131,0,0,0,-0.366,-0.964,-0.095,-0.248,-0.072,-0.646,0,0,0,0,0,0,0,1,0,0,0,0,0
19,41009797,T,C,0,0,0,0,0,0,0,0,0,0,0,0,0,0,0,0,0,0,0,0,0,0,0,0,0,0,1,1,1,0,0,0,1,0,0,0,0,0,0,0,0,0,1,2622,2622,2622,0,0,0,0,0,0,0.002,0,0.001,0.002,0.001,0,0.601,-1.135,-0.173,0.015,-0.079,-1.056,0,0,0,0,0,0,0,0,0,0,0,1,0
19,41012316,T,C,0,0,0,0,0,0,0,0,0,0,0,0,1,0,0,0,0,0,0,0,0,0,0,0,0,1,1,0,1,0,0,0,0,0,0,0,0,0,0,0,0,0,1,0,0,0,0,0,0,0.996,0.861,0.951,0.622,0.995,0.779,0.949,0.922,1,0.601,0.934,0.607,0.911,1.138,7.603,1,0,0,0,0,0,0,0,0,0,0,1,0
19,41012693,T,A,0,0,0,0,0,0,0,0,0,0,0,0,1,0,0,0,0,0,0,0,0,0,0,0,0,0,0,1,1,1,0,0,0,0,0,0,0,0,0,0,0,0,1,0,0,0,0.01,0.01,0.01,0.992,0.983,0.989,0.137,0.01,0.049,0.074,0.182,0.005,0.601,0.938,0.609,0.913,1.138,1.65,0,0,0,0,0,0,0,0,0,0,1,0,0
19,41012868,C,T,0,0,0,0,0,0,0,0,0,0,0,0,0,0,0,0,0,0,0,0,0,0,0,0,0,0,0,1,1,1,0,0,0,0,0,0,0,0,0,0,0,0,1,0,0,0,0,0,0,0,0,0,0.068,0.036,0,0.001,0,0,0.517,-0.37,-1.105,-0.524,-1.085,-2.468,1,0,0,0,0,0,1,0,0,0,0,0,0
19,41016810,C,T,0,0,0,0,0,0,0,0,0,0,0,0,1,0,0,0,0,0,0,0,0,0,0,0,0,1,1,0,1,0,0,0,0,0,0,0,0,0,1,0,0,0,1,0,0,0,0.59,0.59,0.59,0.994,0.24,0.491333333,0.342,0.006,0.537,0.24,0.088,0,0.517,-0.673,0.514,-0.013,-0.293,-0.846,0,0,0,0,0,0,1,0,0,0,0,0,0
19,41018248,T,C,0,0,0,0,0,0,0,0,0,0,0,0,0,0,0,0,0,0,0,0,0,0,0,0,0,1,0,0,0,0,0,0,1,0,0,0,0,0,0,0,0,0,1,1232,401,836,0,0,0,0,0,0,0.01,0.052,0.008,0.001,0,0,0.368,0.397,-0.219,-0.017,-0.443,-0.215,0,0,0,0,0,0,0,0,0,0,0,1,0
22,23898914,C,T,0,0,0,0,0,0,0,0,0,0,0,0,0,0,0,0,0,0,0,0,0,0,0,0,0,0,1,0,0,0,0,0,1,0,0,0,0,0,0,0,0,0,0,3691,2518,3454.8,0,0,0,0,0,0,0.001,0.017,0,0,0,0,-1.679,0.33,-2.066,-1.677,-2.574,-2.944,1,0,0,0,0,0,1,0,0,0,0,0,0
22,24034135,A,G,0,0,0,0,0,0,0,0,0,0,0,0,0,0,0,0,0,0,0,0,0,0,0,0,0,0,0,1,0,0,0,0,0,0,0,0,0,0,1,0,0,1,0,0,0,0,0,0,0,0,0,0,0.001,0.15,0.002,0.002,0.002,0,-1.679,0.391,-0.474,-0.282,-0.18,-0.304,0,0,1,0,0,0,0,0,0,0,0,0,0
